Date,IPO_Name,Issue_Size(crores),QIB,HNI,RII,Total,Offer Price,List Price,Listing Gain,CMP(BSE),CMP(NSE),Current Gains,Year,Month,Quarter,Positive_Listing,Size_Category,Sub_Category
2026-05-14,Bagmane Prime Offi...,3405.0,17.09,15.79,0.0,16.5,100.0,103.4,3.4,103.92,103.97,3.92,2026,5,2,1,Large,Moderate
2026-05-08,Onemi Technology S...,925.92,24.87,6.57,2.03,9.5,171.0,191.0,11.7,231.7,231.74,35.5,2026,5,2,1,Medium,Moderate
2026-04-29,Citius Transnet In...,1105.0,8.54,11.77,0.0,10.01,100.0,104.5,4.5,105.87,106.04,5.87,2026,4,2,1,Large,Moderate
2026-04-17,Om Power Transmiss...,150.06,3.65,7.06,1.54,3.33,175.0,181.1,3.49,190.8,190.74,9.03,2026,4,2,1,Small,Low
2026-04-02,Sai Parenteral's L...,408.79,1.71,2.36,0.12,1.05,392.0,405.0,3.32,487.1,486.7,24.26,2026,4,2,1,Small,Low
2026-04-02,Powerica Ltd,1100.0,4.5,0.44,0.15,1.45,395.0,375.0,-5.06,552.75,551.7,39.94,2026,4,2,0,Large,Low
2026-04-02,Amir Chand Jagdish...,440.0,1.11,12.71,1.36,3.23,212.0,195.0,-8.02,127.15,127.14,-40.02,2026,4,2,0,Small,Low
2026-03-30,Central Mine Plann...,1841.45,3.48,0.35,0.33,1.05,172.0,162.8,-5.35,234.15,234.17,36.13,2026,3,1,0,Large,Low
2026-03-24,GSP Crop Science L...,400.0,2.66,3.05,0.4,1.61,320.0,332.3,3.84,444.4,445.4,38.88,2026,3,1,1,Small,Low
2026-03-24,RaajMarg Infra Inv...,6000.0,11.61,2.55,0.0,7.49,100.0,108.0,8.0,111.0,110.99,11.0,2026,3,1,1,Mega,Moderate
2026-03-23,Innovision Ltd,319.25,13.75,8.26,0.58,3.32,519.0,466.0,-10.21,306.15,306.35,-41.01,2026,3,1,0,Small,Low
2026-03-19,Rajputana Stainles...,254.98,2.51,2.59,0.27,1.12,122.0,123.95,1.6,130.7,130.97,7.13,2026,3,1,1,Small,Low
2026-03-11,Sedemac Mechatroni...,1087.35,8.46,0.77,0.2,2.68,1352.0,1510.0,11.69,1983.2,1983.3,46.69,2026,3,1,1,Large,Low
2026-03-05,Omnitech Engineeri...,583.0,2.86,0.73,0.33,1.14,227.0,205.0,-9.69,447.7,448.6,97.22,2026,3,1,0,Medium,Low
2026-03-04,PNGS Reva Diamond ...,379.52,1.04,1.54,1.29,1.23,386.0,372.0,-3.63,407.15,407.65,5.48,2026,3,1,0,Small,Low
2026-03-02,Clean Max Enviro E...,3083.83,2.83,0.54,0.06,0.94,1053.0,952.2,-9.57,1120.6,1120.0,6.42,2026,3,1,0,Large,Low
2026-03-02,Shree Ram Twistex ...,110.24,3.94,220.3,76.63,43.66,104.0,70.0,-32.69,43.79,43.86,-57.89,2026,3,1,0,Small,High
2026-02-27,Gaudium IVF and Wo...,165.0,1.62,14.03,7.55,7.25,79.0,83.0,5.06,115.05,115.07,45.63,2026,2,1,1,Small,Moderate
2026-02-16,Aye Finance Ltd,1010.0,1.5,0.05,0.77,0.97,129.0,129.0,0.0,140.1,140.43,8.6,2026,2,1,0,Large,Low
2026-02-16,Fractal Analytics ...,2833.9,4.18,1.06,1.03,2.66,900.0,900.0,0.0,916.95,917.5,1.88,2026,2,1,0,Large,Low
2026-01-28,Shadowfax Technolo...,1907.27,3.81,0.84,2.31,2.72,124.0,113.0,-8.87,201.45,201.28,62.46,2026,1,1,0,Large,Low
2026-01-21,Amagi Media Labs L...,1788.62,33.77,37.36,9.31,30.22,361.0,317.0,-12.19,394.0,393.45,9.14,2026,1,1,0,Large,High
2026-01-19,Bharat Coking Coal...,1071.11,310.81,258.02,49.25,146.8,23.0,45.21,96.57,36.23,36.15,57.52,2026,1,1,1,Large,Extreme
2025-12-30,Gujarat Kidney & S...,250.8,1.06,5.73,19.04,5.21,114.0,120.75,5.92,142.95,143.27,25.39,2025,12,4,1,Small,Moderate
2025-12-23,KSH International ...,644.45,1.06,0.42,0.86,0.83,384.0,370.0,-3.65,711.65,712.45,85.33,2025,12,4,0,Medium,Low
2025-12-19,ICICI Prudential A...,10602.7,123.87,22.04,2.53,39.17,2165.0,2606.2,20.38,3230.95,3229.8,49.24,2025,12,4,1,Mega,High
2025-12-17,Nephrocare Health ...,871.05,27.47,24.27,2.31,13.96,460.0,491.7,6.89,607.5,607.5,32.07,2025,12,4,1,Medium,Moderate
2025-12-17,Park Medi World Lt...,920.0,11.48,15.15,3.16,8.1,162.0,155.6,-3.95,259.45,259.19,60.15,2025,12,4,0,Medium,Moderate
2025-12-15,Wakefit Innovation...,1288.89,3.04,1.05,3.17,2.52,195.0,0.0,,134.2,134.51,-31.18,2025,12,4,0,Large,Low
2025-12-15,Corona Remedies Lt...,655.37,278.52,208.88,28.73,137.04,1062.0,1452.0,36.72,1682.3,1684.6,58.41,2025,12,4,1,Medium,Extreme
2025-12-10,Aequs Ltd,922.01,120.92,80.62,78.05,101.63,124.0,140.0,12.9,212.4,212.48,71.29,2025,12,4,1,Medium,Extreme
2025-12-10,Meesho Ltd,5421.2,120.18,38.15,19.04,79.02,111.0,161.2,45.23,199.15,199.01,79.41,2025,12,4,1,Mega,Very High
2025-12-10,Vidya Wires Ltd,300.01,5.12,51.98,27.86,26.59,52.0,52.13,0.25,88.96,88.79,71.08,2025,12,4,1,Small,High
2025-11-28,Sudeep Pharma Ltd,895.0,213.08,116.72,15.65,93.72,593.0,733.95,23.77,671.65,673.35,13.26,2025,11,4,1,Medium,Very High
2025-11-26,Excelsoft Technolo...,500.0,47.55,101.69,15.62,43.19,120.0,135.0,12.5,98.51,98.38,-17.91,2025,11,4,1,Small,High
2025-11-21,Capillary Technolo...,877.5,57.27,69.84,15.82,52.95,577.0,560.0,-2.95,516.15,516.3,-10.55,2025,11,4,0,Medium,Very High
2025-11-20,Fujiyama Power Sys...,828.0,5.15,0.88,1.0,2.14,228.0,218.4,-4.21,270.1,270.3,18.46,2025,11,4,0,Medium,Low
2025-11-19,Tenneco Clean Air ...,3600.0,166.42,40.74,5.11,58.83,397.0,498.0,25.44,594.0,594.15,49.62,2025,11,4,1,Large,Very High
2025-11-18,Physicswallah Ltd,3480.0,2.7,0.48,1.06,1.81,109.0,143.1,31.28,109.85,109.62,0.78,2025,11,4,1,Large,Low
2025-11-18,Emmvee Photovoltai...,2900.0,1.26,0.3,1.1,0.97,217.0,217.0,0.0,264.05,264.3,21.68,2025,11,4,0,Large,Low
2025-11-14,Pine Labs Ltd,3899.91,4.0,0.29,1.2,2.46,221.0,242.0,9.5,142.8,142.84,-35.38,2025,11,4,1,Large,Low
2025-11-12,Billionbrains Gara...,6632.3,22.02,14.2,9.43,17.6,100.0,114.0,14.0,187.8,187.79,87.8,2025,11,4,1,Mega,Moderate
2025-11-10,Lenskart Solutions...,7278.02,40.35,18.23,7.54,28.26,402.0,390.0,-2.99,513.8,513.95,27.81,2025,11,4,0,Mega,High
2025-11-07,Studds Accessories...,455.49,159.99,76.99,22.09,73.25,585.0,570.0,-2.56,446.55,447.7,-23.67,2025,11,4,0,Small,Very High
2025-11-06,Orkla India Ltd,1667.54,117.63,54.42,7.05,48.73,730.0,751.5,2.95,632.95,634.2,-13.29,2025,11,4,1,Large,High
2025-10-24,Midwest Ltd,451.0,139.87,168.07,24.26,87.89,1065.0,1165.1,9.4,1316.1,1316.8,23.58,2025,10,4,1,Small,Very High
2025-10-17,Canara HSBC Life I...,2517.5,7.05,0.33,0.42,2.29,106.0,106.0,0.0,139.1,139.05,31.23,2025,10,4,0,Large,Low
2025-10-16,Canara Robeco Asse...,1326.13,25.92,6.45,1.91,9.74,266.0,280.25,5.36,239.75,239.4,-9.87,2025,10,4,1,Large,Moderate
2025-10-16,Rubicon Research L...,1377.5,130.26,97.61,35.47,103.9,485.0,620.1,27.86,951.2,949.75,96.12,2025,10,4,1,Large,Extreme
2025-10-14,LG Electronics Ind...,11607.0,166.51,22.44,3.54,54.02,1140.0,1715.0,50.44,1489.75,1490.5,30.68,2025,10,4,1,Mega,Very High
2025-10-16,Anantam Highways T...,400.0,2.49,7.29,0.0,4.67,100.0,103.02,3.02,105.5,105.37,5.5,2025,10,4,1,Small,Low
2025-10-13,Tata Capital Ltd,15511.9,3.42,1.98,1.1,1.95,326.0,330.0,1.23,299.95,299.7,-7.99,2025,10,4,1,Mega,Low
2025-10-10,Wework India Manag...,3000.0,1.79,0.23,0.61,1.15,648.0,0.0,,566.0,565.1,-12.65,2025,10,4,0,Large,Low
2025-10-08,Advance Agrolife L...,192.86,27.31,175.3,23.06,56.85,100.0,113.0,13.0,104.75,104.34,4.75,2025,10,4,1,Small,Very High
2025-10-07,Fabtech Technologi...,230.35,2.02,1.97,2.08,2.03,191.0,191.0,0.0,151.15,151.14,-20.86,2025,10,4,0,Small,Low
2025-10-07,Glottis Ltd,307.0,1.87,2.97,1.42,2.05,129.0,88.0,-31.78,69.11,69.43,-46.43,2025,10,4,0,Small,Low
2025-10-08,Om Freight Forward...,122.31,3.97,7.39,2.75,3.87,135.0,82.5,-38.89,88.58,89.06,-34.39,2025,10,4,0,Small,Low
2025-10-06,Pace Digitek Ltd,819.35,1.6,2.9,1.03,1.59,219.0,226.85,3.58,190.1,190.26,-13.2,2025,10,4,1,Medium,Low
2025-10-03,Jinkushal Industri...,116.15,35.66,146.39,47.1,65.1,121.0,125.0,3.31,86.0,84.47,-28.93,2025,10,4,1,Small,Very High
2025-10-03,TruAlt Bioenergy L...,839.28,159.22,98.56,11.0,71.92,496.0,550.0,10.89,495.0,495.1,-0.2,2025,10,4,1,Medium,Very High
2025-10-01,Jain Resource Recy...,1250.0,25.29,5.3,3.62,15.9,232.0,265.25,14.33,385.6,384.85,66.21,2025,10,4,1,Large,Moderate
2025-10-01,EPack Prefab Techn...,504.0,5.1,3.68,1.69,3.07,204.0,186.1,-8.77,189.35,189.38,-7.18,2025,10,4,0,Medium,Low
2025-10-01,BMW Ventures Ltd,231.66,3.09,3.03,0.99,1.5,99.0,80.0,-19.19,60.92,60.8,-38.46,2025,10,4,0,Small,Low
2025-09-30,Anand Rathi Share ...,745.0,43.8,28.6,4.78,20.66,414.0,432.1,4.37,527.35,527.5,27.38,2025,9,3,1,Medium,High
2025-09-30,Seshaasai Technolo...,813.07,189.63,49.89,9.17,68.13,423.0,436.0,3.07,264.5,265.9,-37.47,2025,9,3,1,Medium,Very High
2025-09-30,Solarworld Energy ...,490.0,70.43,64.73,49.15,65.01,351.0,389.0,10.83,221.4,221.06,-36.92,2025,9,3,1,Small,Very High
2025-09-30,Jaro Institute of ...,450.0,35.35,35.48,8.71,22.06,890.0,890.0,0.0,581.8,581.05,-34.63,2025,9,3,0,Small,High
2025-09-29,Atlanta Electrical...,687.85,194.92,54.2,10.42,70.63,754.0,858.1,13.81,1667.35,1668.8,121.13,2025,9,3,1,Medium,Very High
2025-09-29,Ganesh Consumer Pr...,408.8,4.18,4.34,1.15,2.67,322.0,295.0,-8.39,209.25,209.33,-35.02,2025,9,3,0,Small,Low
2025-09-26,GK Energy Ltd,464.26,186.29,122.73,20.79,89.62,153.0,165.0,7.84,125.65,125.56,-17.88,2025,9,3,1,Small,Very High
2025-09-26,Saatvik Green Ener...,900.0,10.84,10.04,2.66,6.57,465.0,460.0,-1.08,431.2,432.3,-7.27,2025,9,3,0,Medium,Moderate
2025-09-25,Ivalue Infosolutio...,560.29,3.18,1.26,1.28,1.82,299.0,285.0,-4.68,243.55,244.55,-18.55,2025,9,3,0,Medium,Low
2025-09-24,VMS TMT Ltd,148.5,120.8,227.09,47.88,102.26,99.0,105.0,6.06,47.81,47.77,-51.71,2025,9,3,1,Small,Extreme
2025-09-23,Euro Pratik Sales ...,451.31,1.05,1.92,1.23,1.34,247.0,273.45,10.71,257.75,259.6,4.35,2025,9,3,1,Small,Low
2025-09-17,Dev Accelerator Lt...,143.35,20.3,87.97,164.72,63.97,61.0,61.3,0.49,39.29,39.05,-35.59,2025,9,3,1,Small,Very High
2025-09-17,Shringar House of ...,400.95,101.41,82.58,27.22,60.29,165.0,187.7,13.76,213.3,212.66,29.27,2025,9,3,1,Small,Very High
2025-09-17,Urban Company Ltd,1900.0,140.2,74.04,39.25,103.63,103.0,161.0,56.31,120.05,120.03,16.55,2025,9,3,1,Large,Extreme
2025-09-09,Amanta Healthcare ...,126.0,35.86,209.42,54.98,82.61,126.0,134.0,6.35,129.05,130.09,2.42,2025,9,3,1,Small,Very High
2025-09-03,Anlon Healthcare L...,121.03,1.07,10.61,47.29,7.12,91.0,91.0,0.0,13.89,13.91,-84.74,2025,9,3,0,Small,Moderate
2025-09-03,Vikran Engineering...,772.0,19.45,58.58,10.97,23.59,97.0,99.7,2.78,64.8,64.8,-33.2,2025,9,3,1,Medium,High
2025-08-28,Mangal Electrical ...,400.0,10.54,18.79,4.84,9.46,561.0,558.0,-0.53,315.65,315.85,-43.73,2025,8,3,0,Small,Moderate
2025-08-26,Gem Aromatics Ltd,451.25,55.28,45.06,10.31,30.27,325.0,325.0,0.0,156.45,157.1,-51.86,2025,8,3,0,Small,High
2025-08-26,Shreeji Shipping G...,410.71,110.41,72.7,21.94,58.1,252.0,271.85,7.88,453.65,450.1,80.02,2025,8,3,1,Small,Very High
2025-08-26,Patel Retail Ltd,242.76,272.43,108.18,42.49,95.7,255.0,305.0,19.61,198.05,198.24,-22.33,2025,8,3,1,Small,Very High
2025-08-26,Vikram Solar Ltd,2079.37,142.79,50.9,7.65,54.63,332.0,340.0,2.41,200.0,199.82,-39.76,2025,8,3,1,Large,Very High
2025-08-20,Regaal Resources L...,306.0,190.97,356.73,57.75,159.88,102.0,141.8,39.02,86.85,87.42,-14.85,2025,8,3,1,Small,Extreme
2025-08-19,Bluestone Jeweller...,1540.65,4.28,0.55,1.35,2.7,517.0,508.8,-1.59,474.75,474.5,-8.17,2025,8,3,0,Large,Low
2025-08-14,JSW Cement Ltd,3600.0,15.8,10.97,1.81,7.77,147.0,153.0,4.08,137.9,137.99,-6.19,2025,8,3,1,Large,Moderate
2025-08-14,All Time Plastics ...,400.6,10.15,13.47,5.14,8.34,275.0,314.3,14.29,245.8,243.36,-10.62,2025,8,3,1,Small,Moderate
2025-08-12,Highway Infrastruc...,130.0,420.57,447.32,155.58,300.61,70.0,117.0,67.14,48.95,48.25,-30.07,2025,8,3,1,Small,Extreme
2025-08-18,Knowledge Realty T...,4800.0,6.75,15.51,0.0,10.73,100.0,104.0,4.0,116.84,116.67,16.84,2025,8,3,1,Large,Moderate
2025-08-06,M & B Engineering Ltd,650.0,36.72,38.24,32.55,36.2,385.0,386.0,0.26,426.85,426.15,10.87,2025,8,3,1,Medium,High
2025-08-06,Sri Lotus Developers & Realty Ltd,792.0,163.9,57.71,20.28,69.14,150.0,179.1,19.4,201.1,199.72,34.07,2025,8,3,1,Medium,Very High
2025-08-05,Aditya Infotech Ltd,,133.21,72.0,50.87,100.69,675.0,,50.81,,,57.72,2025,8,3,1,,Extreme
2025-08-05,Laxmi India Finance Ltd,254.26,1.3,1.84,2.22,1.87,158.0,136.0,-13.92,149.0,150.0,-5.7,2025,8,3,0,Small,Low
2025-08-01,Shanti Gold International Ltd,360.11,117.33,151.48,30.37,81.17,199.0,229.1,15.13,254.0,255.9,27.64,2025,8,3,1,Small,Very High
2025-07-31,Brigade Hotel Ventures Limited,759.6,5.42,1.92,6.4,4.48,90.0,82.0,-8.89,85.95,86.0,-4.5,2025,7,3,0,Medium,Low
2025-07-30,GNG Electronics Limited,460.44,266.21,227.67,46.84,147.93,237.0,350.0,47.68,321.2,321.95,35.53,2025,7,3,1,Small,Extreme
2025-07-30,Indiqube Spaces Limited,700.0,14.35,8.27,12.9,12.41,237.0,218.7,-7.72,216.3,216.33,-8.73,2025,7,3,0,Medium,Moderate
2025-07-21,Anthem Biosciences Limited,3395.0,182.65,42.36,5.64,63.86,570.0,723.1,26.86,753.15,754.8,32.13,2025,7,3,1,Large,Very High
2025-07-17,Smartworks Coworking Limited,582.56,24.41,22.78,3.53,13.45,407.0,436.1,7.15,462.3,461.2,13.59,2025,7,3,1,Medium,Moderate
2025-07-14,Travel Food Services Limited,2000.0,7.7,1.58,0.69,2.88,,,2.38,,,4.38,2025,7,3,1,Large,Low
2025-07-09,Crizac Limited,860.0,134.35,76.15,10.24,59.82,245.0,280.0,14.29,298.35,299.5,21.78,2025,7,3,1,Medium,Very High
2025-07-03,Indogulf Cropsciences Limited,200.0,33.26,48.39,14.78,25.98,111.0,111.0,0.0,106.9,106.88,-3.69,2025,7,3,0,Small,High
2025-07-02,HDB Financial Services Limited,12500.0,55.47,9.99,1.41,16.69,740.0,835.0,12.84,741.9,741.65,0.26,2025,7,3,1,Mega,Moderate
2025-07-02,Sambhv Steel Tubes Limited,540.0,62.32,31.82,7.99,28.46,82.0,110.1,34.27,120.8,120.61,47.32,2025,7,3,1,Medium,High
2025-07-01,Globe Civil Projects Limited,119.0,99.76,143.15,53.72,86.04,71.0,91.1,28.31,81.33,81.29,14.55,2025,7,3,1,Small,Very High
2025-07-01,Kalpataru Limited,1590.0,3.12,1.31,1.29,2.26,414.0,414.1,0.02,408.7,408.25,-1.28,2025,7,3,1,Large,Low
2025-07-01,Ellenbarrie Industrial Gases Limited,852.53,64.23,15.21,2.14,22.19,400.0,492.0,23.0,522.4,520.75,30.6,2025,7,3,1,Medium,High
2025-06-25,Arisinfra Solutions Limited,499.6,1.42,3.14,5.59,2.65,222.0,209.1,-5.81,149.2,147.99,-32.79,2025,6,2,0,Small,Low
2025-06-20,Oswal Pumps Limited,1387.34,88.08,36.7,3.6,34.42,614.0,632.0,2.93,763.8,763.1,24.4,2025,6,2,1,Large,High
2025-06-04,Scoda Tubes Limited,220.0,69.51,113.03,19.4,53.78,140.0,140.0,0.0,184.1,184.44,31.5,2025,6,2,0,Small,Very High
2025-06-03,Prostarm Info Systems Limited,168.0,104.49,222.14,39.49,97.2,105.0,125.0,19.05,210.95,209.42,100.9,2025,6,2,1,Small,Very High
2025-06-02,Aegis Vopak Terminals Limited,2800.0,3.3,0.56,0.77,2.09,235.0,220.0,-6.38,241.8,240.69,2.89,2025,6,2,0,Large,Low
2025-06-02,Schloss Bangalore Limited,3500.0,7.46,1.02,0.83,4.5,435.0,406.5,-6.55,438.45,438.3,0.79,2025,6,2,0,Large,Low
2025-05-28,Belrise Industries Limited,2150.0,108.35,38.33,4.27,41.3,90.0,98.5,9.44,137.0,136.18,52.22,2025,5,2,1,Large,High
2025-05-27,Borana Weaves Limited,144.89,87.21,237.42,200.53,148.78,216.0,243.0,12.5,220.8,219.81,2.22,2025,5,2,1,Small,Extreme
2025-05-06,Ather Energy Limited,2980.8,1.7,0.66,1.78,1.43,321.0,326.05,1.57,411.55,410.4,28.21,2025,5,2,1,Large,Low
2025-02-24,Quality Power Electronics Limited,858.7,1.03,1.45,1.83,1.29,425.0,432.05,1.66,804.7,805.8,89.34,2025,2,1,1,Medium,Low
2025-02-19,Hexaware Technologies Limited,8750.0,9.09,0.2,0.11,2.66,708.0,731.0,3.25,708.95,707.5,0.13,2025,2,1,1,Mega,Low
2025-02-17,Ajax Engineering Limited,1268.88,14.41,6.46,1.92,6.44,629.0,593.0,-5.72,717.3,715.65,14.04,2025,2,1,0,Large,Moderate
2025-02-04,Dr Agarwal's Healthcare Limited,3027.26,4.64,0.4,0.41,1.55,402.0,396.9,-1.27,451.5,452.85,12.31,2025,2,1,0,Large,Low
2025-01-29,Denta Water & Infrastructure Limited,220.5,236.94,507.27,90.56,221.68,294.0,330.0,12.24,316.05,315.0,7.5,2025,1,1,1,Small,Extreme
2025-01-23,Stallion India Fluorochem Limited,199.45,172.93,422.42,96.89,188.37,90.0,120.0,33.33,123.8,122.86,37.56,2025,1,1,1,Small,Extreme
2025-01-20,Laxmi Dental Limited,698.06,110.38,147.95,76.24,114.42,428.0,528.0,23.36,398.05,400.4,-7.0,2025,1,1,1,Medium,Extreme
2025-01-17,Capital Infra Trust,1578.0,0.58,4.24,0.0,2.23,99.0,99.0,0.0,78.98,78.99,-20.22,2025,1,1,0,Large,Low
2025-01-14,Quadrant Future Tek Limited,290.0,132.54,254.71,246.94,186.66,290.0,374.0,28.97,384.2,382.6,32.48,2025,1,1,1,Small,Extreme
2025-01-13,Standard Glass Lining Technology Limited,410.05,331.6,268.5,64.99,183.18,140.0,176.0,25.71,165.8,168.0,18.43,2025,1,1,1,Small,Extreme
2025-01-07,Indo Farm Equipment Limited,260.15,242.4,503.83,104.92,229.68,215.0,258.4,20.19,210.5,209.8,-2.09,2025,1,1,1,Small,Extreme
2024-12-31,Unimech Aerospace and Manufacturing Limited,500.0,317.63,263.78,56.74,175.31,785.0,,89.94,,,39.75,2024,12,4,1,Small,Extreme
2024-12-30,Ventive Hospitality Limited,1600.0,9.08,13.85,5.87,9.8,643.0,718.15,11.69,744.25,741.15,15.75,2024,12,4,1,Large,Moderate
2024-12-30,Carraro India Limited,1250.0,2.21,0.6,0.71,1.12,704.0,660.0,-6.25,416.95,416.4,-40.77,2024,12,4,0,Large,Low
2024-12-30,Senores Pharmaceuticals Limited,582.11,94.66,96.11,89.23,93.41,391.0,593.7,51.84,660.55,661.0,68.94,2024,12,4,1,Medium,Very High
2024-12-27,Transrail Lighting Limited,838.91,201.06,76.41,22.07,80.8,432.0,585.15,35.45,787.2,782.85,82.22,2024,12,4,1,Medium,Very High
2024-12-27,Dam Capital Advisors Limited,840.25,166.33,98.62,27.13,82.08,283.0,392.9,38.83,219.7,218.93,-22.37,2024,12,4,1,Medium,Very High
2024-12-27,Mamata Machinery Limited,179.35,235.88,274.38,138.08,194.95,243.0,600.0,146.91,423.1,422.7,74.12,2024,12,4,1,Small,Extreme
2024-12-27,Sanathan Textiles Limited,550.0,75.62,42.21,8.93,35.12,321.0,419.1,30.56,460.4,458.35,43.43,2024,12,4,1,Medium,High
2024-12-27,Concord Enviro Systems Limited,500.33,17.32,14.2,5.56,10.67,701.0,832.0,18.69,537.35,541.1,-23.35,2024,12,4,1,Medium,Moderate
2024-12-20,International Gemmological Institute (India) Limited,4225.0,45.8,24.84,11.21,33.78,417.0,504.85,21.07,336.9,337.35,-19.21,2024,12,4,1,Large,High
2024-12-19,Inventurus Knowledge Solutions Limited,2497.92,80.64,23.25,14.55,52.68,,,39.65,,,19.08,2024,12,4,1,Large,Very High
2024-12-18,Vishal Mega Mart Limited,8000.0,80.75,14.25,2.31,27.28,78.0,110.0,41.03,142.2,141.26,82.31,2024,12,4,1,Mega,High
2024-12-18,One Mobikwik Systems Limited,572.0,119.5,108.95,134.67,119.38,279.0,442.25,58.51,230.35,229.41,-17.44,2024,12,4,1,Medium,Extreme
2024-12-18,Sai Life Sciences Limited,3042.62,30.93,4.92,1.37,10.26,549.0,660.0,20.22,884.1,878.1,61.04,2024,12,4,1,Large,Moderate
2024-12-06,Suraksha Diagnostic Limited,846.25,1.74,1.41,0.95,1.27,441.0,437.0,-0.91,297.55,298.05,-32.53,2024,12,4,0,Medium,Low
2024-11-29,Enviro Infra Engineers Limited,650.3,157.05,153.8,24.48,89.9,148.0,218.0,47.3,247.0,246.45,66.89,2024,11,4,1,Medium,Very High
2024-11-27,NTPC Green Energy Limited,10000.0,3.32,0.81,3.44,2.42,108.0,111.6,3.33,103.6,103.4,-4.07,2024,11,4,1,Mega,Low
2024-11-22,Zinka Logistics Solution Limited (BlackBuck),1114.72,2.76,0.24,1.66,1.86,273.0,279.05,2.22,537.15,536.0,96.76,2024,11,4,1,Large,Low
2024-11-14,Niva Bupa Health Insurance Company Limited,2200.0,2.06,0.68,2.73,1.8,74.0,78.5,6.08,80.43,80.18,8.69,2024,11,4,1,Large,Low
2024-11-13,Swiggy Limited,11327.4,6.02,0.41,1.14,3.59,390.0,412.0,5.64,399.45,396.55,2.42,2024,11,4,1,Mega,Low
2024-11-13,ACME Solar Holdings Limited,2900.0,3.54,0.97,3.1,2.75,289.0,259.0,-10.38,276.35,278.25,-4.38,2024,11,4,0,Large,Low
2024-11-12,Sagility India Limited,2106.4,3.52,1.93,4.16,3.2,30.0,31.06,3.53,44.73,44.46,49.1,2024,11,4,1,Large,Low
2024-11-04,Afcons Infrastructure Limited,5430.0,3.79,5.05,0.94,2.63,463.0,430.05,-7.12,422.0,422.3,-8.86,2024,11,4,0,Mega,Low
2024-10-30,Godavari Biorefineries Limited,554.75,2.76,0.9,1.71,1.83,352.0,310.55,-11.78,284.0,287.45,-19.32,2024,10,4,0,Medium,Low
2024-10-28,Deepak Builders & Engineers India Limited,260.04,13.91,82.47,39.79,41.54,203.0,198.5,-2.22,132.2,132.68,-34.88,2024,10,4,0,Small,High
2024-10-28,Waaree Energies Limited,4321.44,208.63,62.49,10.79,76.34,,,69.66,,,110.98,2024,10,4,1,Large,Very High
2024-10-22,Hyundai Motor India Limited,27858.8,6.97,0.6,0.5,2.37,,,-1.48,,,14.02,2024,10,4,0,Mega,Low
2024-10-15,Garuda Construction and Engineering Limited,264.1,1.24,9.03,10.81,7.55,95.0,103.2,8.63,171.4,170.33,80.42,2024,10,4,1,Small,Moderate
2024-10-04,Diffusion Engineers Limited,157.96,95.74,207.6,85.61,114.49,168.0,188.0,11.9,336.5,335.85,100.3,2024,10,4,1,Small,Extreme
2024-10-03,KRN Heat Exchanger and Refrigeration Limited,341.95,253.04,431.63,98.29,214.42,220.0,470.0,113.64,911.25,911.0,314.2,2024,10,4,1,Small,Extreme
2024-09-30,Manba Finance Limited,150.84,148.55,511.62,143.95,224.05,120.0,150.0,25.0,138.55,138.8,15.46,2024,9,3,1,Small,Extreme
2024-09-24,Arkade Developers Limited,410.0,163.16,163.02,51.39,106.83,128.0,175.9,37.42,190.6,190.0,48.91,2024,9,3,1,Small,Extreme
2024-09-24,Northern ARC Capital Limited,777.0,240.79,142.41,31.08,110.91,263.0,351.0,33.46,230.05,229.21,-12.53,2024,9,3,1,Medium,Extreme
2024-09-24,Western Carriers Limited,492.88,27.99,44.71,25.95,30.57,172.0,170.0,-1.16,120.0,120.0,-30.23,2024,9,3,0,Small,High
2024-09-17,P N Gadgil Jewellers Limited,1100.0,136.85,56.08,16.58,59.4,480.0,834.0,73.75,554.1,553.05,15.44,2024,9,3,1,Large,Very High
2024-09-16,Tolins Tyres Limited,230.0,25.42,27.41,21.52,23.89,226.0,227.0,0.44,155.0,154.7,-31.42,2024,9,3,1,Small,High
2024-09-16,Bajaj Housing Finance Limited,6560.0,209.36,41.51,7.04,63.61,70.0,150.0,114.29,113.2,113.02,61.71,2024,9,3,1,Mega,Very High
2024-09-16,Kross Limited,500.0,23.32,22.24,10.76,16.81,240.0,240.0,0.0,162.7,162.66,-32.21,2024,9,3,0,Small,Moderate
2024-09-12,Shree Tirupati Balajee Agro Trading Company Limited,169.65,150.87,210.12,73.22,124.75,83.0,92.9,11.93,50.37,50.03,-39.31,2024,9,3,1,Small,Extreme
2024-09-09,Gala Precision Engineering Limited,167.93,232.54,414.62,91.95,201.41,529.0,750.0,41.78,814.55,816.9,53.98,2024,9,3,1,Small,Extreme
2024-09-06,Baazar Style Retail Limited,834.68,81.83,59.43,9.12,40.66,389.0,389.0,0.0,315.2,313.7,-18.97,2024,9,3,0,Medium,High
2024-09-04,Ecos (India) Mobility & Hospitality Limited,601.2,136.85,71.23,19.79,64.26,334.0,391.3,17.16,293.25,298.15,-12.2,2024,9,3,1,Medium,Very High
2024-09-03,Premier Energies Limited,2830.4,216.67,50.04,7.69,74.38,450.0,991.0,120.22,,,125.66,2024,9,3,1,Large,Very High
2024-08-28,Orient Technologies Limited,214.76,189.9,300.6,66.87,151.71,206.0,290.0,40.78,319.05,317.4,54.88,2024,8,3,1,Small,Extreme
2024-08-26,Interarch Building Products Limited,600.29,205.41,128.42,19.11,93.53,900.0,,43.47,,,146.33,2024,8,3,1,Medium,Very High
2024-08-20,Saraswati Saree Depot Limited,160.01,64.12,358.65,61.88,107.52,160.0,200.0,25.0,91.81,91.26,-42.62,2024,8,3,1,Small,Extreme
2024-08-13,Brainbees Solutions Limited,4193.73,19.3,4.68,2.31,12.22,465.0,625.0,34.41,373.65,373.85,-19.65,2024,8,3,1,Large,Moderate
2024-08-13,Unicommerce eSolutions Limited,276.57,138.75,252.48,131.15,168.39,108.0,230.0,112.96,124.35,123.1,15.14,2024,8,3,1,Small,Extreme
2024-08-09,Ola Electric Mobility Limited,6145.56,5.31,2.4,3.92,4.27,76.0,75.99,-0.01,39.99,39.9,-47.38,2024,8,3,0,Mega,Low
2024-08-08,Ceigall India Limited,1252.66,31.5,14.42,3.77,13.78,401.0,413.0,2.99,247.25,247.52,-38.34,2024,8,3,1,Large,Moderate
2024-08-06,Akums Drugs and Pharmaceuticals Limited,1856.74,90.09,42.21,21.3,63.56,679.0,725.0,6.77,473.0,474.3,-30.34,2024,8,3,1,Large,Very High
2024-07-26,Sanstar Limited,510.55,145.68,136.5,24.23,82.99,95.0,106.4,12.0,85.87,85.39,-9.61,2024,7,3,1,Medium,Very High
2024-07-10,Emcure Pharmaceuticals Limited,1952.03,195.83,48.32,7.21,67.87,,,31.45,,,37.95,2024,7,3,1,Large,Very High
2024-07-10,Bansal Wire Industries Limited,745.0,146.05,51.46,13.64,59.57,256.0,352.05,37.52,366.15,365.05,43.03,2024,7,3,1,Medium,Very High
2024-07-03,Vraj Iron & Steel Limited,171.0,163.9,208.81,54.93,119.04,207.0,240.0,15.94,162.0,161.43,-21.74,2024,7,3,1,Small,Extreme
2024-07-02,Allied Blenders and Distillers Limited,1500.0,50.37,32.4,4.51,23.55,281.0,318.1,13.2,494.75,493.0,76.07,2024,7,3,1,Large,High
2024-06-28,Stanley Lifestyles Limited,537.02,0.74,8.86,6.11,5.22,369.0,499.0,35.23,316.75,318.15,-14.16,2024,6,2,1,Medium,Moderate
2024-04-25,Vodafone Idea Ltd ,18000.0,17.56,4.13,0.92,6.36,11.0,12.0,9.09,6.6,6.53,-40.0,2024,4,2,1,Mega,Moderate
2024-04-12,Bharti Hexacom Ltd ,4275.0,48.57,10.52,2.83,29.88,570.0,755.2,32.49,,,205.77,2024,4,2,1,Large,High
2024-04-03,SRM Contractors Ltd ,130.2,59.59,214.94,46.97,86.57,210.0,225.0,7.14,476.55,474.0,126.93,2024,4,2,1,Small,Very High
2024-03-21,Krystal Integrated Services Ltd ,300.12,7.33,43.91,3.32,13.21,715.0,795.0,11.19,625.8,611.0,-12.48,2024,3,1,1,Small,Moderate
2024-03-19,Popular Vehicles & Services Ltd ,601.55,1.97,0.66,1.05,1.23,295.0,292.0,-1.02,120.0,119.5,-59.32,2024,3,1,0,Medium,Low
2024-03-14,Gopal Snacks Ltd,650.0,17.5,9.5,4.01,9.02,401.0,350.0,-12.72,371.25,371.95,-7.42,2024,3,1,0,Medium,Moderate
2024-03-13,J.G.Chemicals Ltd ,251.19,32.09,46.33,17.44,27.78,221.0,211.0,-4.52,482.25,484.4,118.21,2024,3,1,0,Small,High
2024-03-12,R K Swamy Ltd ,423.56,20.58,34.36,34.03,25.94,288.0,252.0,-12.5,155.8,155.28,-45.9,2024,3,1,0,Small,High
2024-03-07,Mukka Proteins Ltd ,224.0,189.28,250.38,58.52,136.99,28.0,44.0,57.14,27.61,27.69,-1.39,2024,3,1,1,Small,Extreme
2024-03-12,Indus Infra Trust ,2499.99,8.92,6.93,0.0,8.01,100.0,101.0,1.0,111.53,111.3,11.53,2024,3,1,1,Large,Moderate
2024-03-05,Exicom Tele-Systems Ltd ,429.0,121.8,153.22,119.59,129.54,142.0,264.0,85.92,139.05,138.81,-2.08,2024,3,1,1,Small,Extreme
2024-03-05,Platinum Industries Ltd ,235.32,151.0,141.83,50.99,99.03,171.0,228.0,33.33,276.6,278.0,61.75,2024,3,1,1,Small,Very High
2024-02-29,GPT Healthcare Ltd ,525.14,17.3,11.02,2.44,8.52,186.0,216.15,16.21,155.0,156.0,-16.67,2024,2,1,1,Medium,Moderate
2024-02-28,Juniper Hotels Ltd ,1800.0,0.0,0.06,0.52,0.11,360.0,361.2,0.33,291.85,292.2,-18.93,2024,2,1,1,Large,Low
2024-02-20,Vibhor Steel Tubes Limited,72.17,178.73,721.34,188.17,298.86,151.0,421.0,178.81,158.2,155.6,4.77,2024,2,1,1,Micro,Extreme
2024-02-16,Entero Healthcare Solutions Limited,1600.0,2.28,0.22,1.33,1.53,,,-1.03,,,-4.2,2024,2,1,0,Large,Low
2024-02-14,Jana Small Finance Bank Limited,570.0,38.75,25.05,5.46,18.5,414.0,396.0,-4.35,461.0,459.35,11.35,2024,2,1,0,Medium,Moderate
2024-02-14,Capital Small Finance Bank Limited,523.07,6.64,4.05,2.49,4.0,468.0,435.0,-7.05,298.45,299.0,-36.23,2024,2,1,0,Medium,Low
2024-02-14,Rashi Peripherals Limited,600.0,143.66,62.75,10.44,59.71,311.0,335.0,7.72,280.35,280.4,-9.86,2024,2,1,1,Medium,Very High
2024-02-12,Apeejay Surrendra Group (conglomerate),920.0,75.14,52.41,30.35,59.66,155.0,187.0,20.65,148.85,148.25,-3.97,2024,2,1,1,Medium,Very High
2024-02-06,BLS E-Services Limited,309.29,123.3,300.14,237.0,162.47,135.0,309.0,128.89,185.85,185.5,37.67,2024,2,1,1,Small,Extreme
2024-01-31,Nova Agritech Limited,143.81,79.31,224.08,77.12,109.37,41.0,56.0,36.59,50.4,50.14,22.93,2024,1,1,1,Small,Extreme
2024-01-30,Epack Durable Limited,640.05,25.5,28.1,6.29,16.37,230.0,225.0,-2.17,377.85,376.9,64.28,2024,1,1,0,Medium,Moderate
2024-01-23,Medi Assist Healthcare Services Limited,1171.58,40.14,14.85,3.19,16.25,418.0,465.0,11.24,578.0,574.4,38.28,2024,1,1,1,Large,Moderate
2024-01-16,Jyoti CNC Automation Limited,1000.0,44.13,36.48,26.17,38.53,331.0,372.0,12.39,914.75,912.0,176.36,2024,1,1,1,Medium,High
2023-12-29,Innova Captab Limited,570.0,116.73,64.95,17.15,55.26,448.0,456.1,1.81,892.4,891.0,99.2,2023,12,4,1,Medium,Very High
2023-12-28,Azad Engineering Limited,740.0,179.66,87.61,23.79,80.65,524.0,710.0,35.5,,,182.68,2023,12,4,1,Medium,Very High
2023-12-27,Happy Forgings Limited,1008.59,220.48,62.17,15.09,82.04,850.0,,17.79,960.65,956.65,13.02,2023,12,4,1,Large,Very High
2023-12-27,Credo Brands Marketing Limited,549.78,104.95,55.52,19.94,51.85,280.0,282.0,0.71,120.1,120.2,-57.11,2023,12,4,1,Medium,Very High
2023-12-27,RBZ Jewellers Limited,100.0,13.43,9.27,24.74,16.86,100.0,100.0,0.0,141.35,138.39,41.35,2023,12,4,0,Micro,Moderate
2023-12-26,Muthoot Microfin Limited,960.0,17.47,13.2,7.61,11.52,291.0,278.0,-4.47,146.1,147.59,-49.79,2023,12,4,0,Medium,Moderate
2023-12-26,Motisons Jewellers Limited,151.09,157.4,233.91,122.28,159.61,55.0,103.9,88.91,18.57,18.43,-66.24,2023,12,4,1,Small,Extreme
2023-12-26,Suraj Estate Developers Limited,400.0,24.31,18.9,9.3,15.65,360.0,343.8,-4.5,286.1,283.95,-20.53,2023,12,4,0,Small,Moderate
2023-12-21,Inox India Limited,1459.32,147.8,53.2,15.3,61.28,660.0,933.15,41.39,,,68.17,2023,12,4,1,Large,Very High
2023-12-20,Doms Industries Limited,1200.0,115.97,66.51,69.67,93.52,790.0,,77.22,,,222.96,2023,12,4,1,Large,Very High
2023-12-20,India Shelter Finance Limited,1200.0,89.7,28.51,9.95,36.71,493.0,612.7,24.28,918.05,917.5,86.22,2023,12,4,1,Large,High
2023-12-01,Flair Writing Instruments Limited,593.0,115.6,33.37,13.01,46.68,304.0,503.0,65.46,326.5,326.5,7.4,2023,12,4,1,Medium,High
2023-11-30,Tata Technologies Limited,3042.51,203.41,62.11,16.5,69.43,500.0,,139.99,669.25,664.75,33.85,2023,11,4,1,Large,Very High
2023-11-30,Gandhar Oil Refineries Limited,500.69,129.0,62.23,28.95,64.07,169.0,295.4,74.79,149.55,149.59,-11.51,2023,11,4,1,Medium,Very High
2023-11-30,Fedbank Financial Services Limited,1092.26,3.51,1.45,1.82,2.2,140.0,137.75,-1.61,130.25,130.0,-6.96,2023,11,4,0,Large,Low
2023-11-29,Indian Renewable Energy Development Agency Limited (IREDA),2150.21,104.57,24.16,7.73,38.8,32.0,50.0,56.25,145.0,144.95,353.13,2023,11,4,1,Large,High
2023-11-15,ASK Automotive Limited,833.91,142.41,35.47,5.7,51.14,282.0,304.9,8.12,465.1,465.15,64.93,2023,11,4,1,Medium,Very High
2023-11-13,Protean eGov Technologies Limited,489.95,46.94,31.62,8.93,23.86,792.0,792.0,0.0,719.8,722.85,-9.12,2023,11,4,0,Small,High
2023-11-10,ESAF Small Finance Bank Limited,463.0,173.52,84.37,16.97,73.15,60.0,71.9,19.83,30.03,29.98,-49.95,2023,11,4,1,Small,Very High
2023-11-07,Honasa Consumer Limited (Mamaearth),1701.44,11.5,4.02,1.35,7.61,324.0,324.0,0.0,265.55,267.25,-18.04,2023,11,4,0,Large,Moderate
2023-11-06,Cello World Limited,1900.0,108.57,24.42,3.06,38.9,648.0,831.0,28.24,563.9,562.0,-12.98,2023,11,4,1,Large,High
2023-11-01,Blue Jet Healthcare Limited,840.27,13.72,13.59,2.24,7.95,346.0,359.9,4.02,780.55,782.75,125.59,2023,11,4,1,Medium,Moderate
2023-10-26,IRM Energy Limited,544.36,44.73,48.34,9.29,27.05,505.0,479.0,-5.15,277.0,277.8,-45.15,2023,10,4,0,Medium,High
2023-10-12,Plaza Wires Limited,71.28,42.84,388.09,374.81,160.97,54.0,84.0,55.56,56.01,56.02,3.72,2023,10,4,1,Micro,Extreme
2023-10-06,Valiant Laboratories Limited,152.46,20.83,73.64,16.06,29.76,140.0,161.0,15.0,95.0,94.2,-32.14,2023,10,4,1,Small,High
2023-10-03,JSW Infrastructure Limited,2800.0,57.09,15.99,10.32,37.37,119.0,143.0,20.17,295.95,295.95,148.7,2023,10,4,1,Large,High
2023-10-04,Updater Services Limited,640.0,4.48,0.85,1.39,2.9,300.0,299.9,-0.03,260.0,259.8,-13.33,2023,10,4,0,Medium,Low
2023-10-03,Manoj Vaibhav Gems,270.2,1.06,5.18,1.66,2.25,215.0,215.0,0.0,205.7,205.77,-4.33,2023,10,4,0,Small,Low
2023-09-27,Signature Global India Limited,730.0,12.71,13.54,6.82,11.88,385.0,445.0,15.58,,,189.29,2023,9,3,1,Medium,Moderate
2023-09-27,Sai Silks (Kalamandir) Limited,1201.0,12.35,2.47,0.88,4.4,222.0,230.1,3.65,171.3,171.11,-22.84,2023,9,3,1,Large,Low
2023-09-28,Yatra Online Limited,775.0,2.05,0.42,2.11,1.61,142.0,130.0,-8.45,130.67,129.82,-7.98,2023,9,3,0,Medium,Low
2023-09-22,Samhi Hotels Limited,1370.1,8.82,1.22,1.11,5.33,126.0,130.55,3.61,219.65,220.24,74.33,2023,9,3,1,Large,Moderate
2023-09-22,Zaggle Prepaid Ocean Limited,563.38,16.73,8.85,5.94,12.57,164.0,162.0,-1.22,376.8,376.8,129.76,2023,9,3,0,Medium,Moderate
2023-09-20,R R Kabel Limited,1964.01,52.26,13.23,2.13,18.69,,,13.91,,,17.03,2023,9,3,1,Large,Moderate
2023-09-21,EMS Limited,321.25,0.67,29.73,16.62,15.05,211.0,281.55,33.44,580.5,580.2,175.12,2023,9,3,1,Small,Moderate
2023-09-18,Jupiter Life Line Limited,869.08,187.32,34.75,7.73,63.72,735.0,960.0,30.61,,,91.38,2023,9,3,1,Medium,Very High
2023-09-11,Ratnaveer Precision Limited,165.03,133.05,135.21,54.01,93.99,98.0,128.0,30.61,138.5,138.79,41.33,2023,9,3,1,Small,Very High
2023-09-11,Rishabh Instruments Limited,490.78,72.54,31.29,8.44,31.65,441.0,460.0,4.31,286.45,287.25,-35.05,2023,9,3,1,Small,High
2023-09-05,Vishnu Prakash R P Limited,308.61,171.69,111.03,32.02,87.82,99.0,163.3,64.95,155.2,155.72,56.77,2023,9,3,1,Small,Very High
2023-08-31,Aeroflex Industries Limited,351.0,194.73,126.13,34.41,97.11,108.0,197.4,82.78,180.75,180.5,67.36,2023,8,3,1,Small,Very High
2023-08-29,Pyramid Technoplast Limited,153.05,9.94,32.24,14.72,18.29,166.0,185.0,11.45,160.45,160.75,-3.34,2023,8,3,1,Small,Moderate
2023-08-23,TVS Supply Chain Solutions Limited,880.0,1.35,2.35,7.61,2.78,197.0,206.3,4.72,132.4,132.39,-32.79,2023,8,3,1,Medium,Low
2023-08-18,Concord Biotech Limited,1550.52,67.67,16.99,3.78,24.87,741.0,900.05,21.46,,,119.16,2023,8,3,1,Large,High
2023-08-16,SBFC Finance Limited,1025.0,192.9,49.09,10.99,70.16,57.0,81.99,43.84,104.4,104.25,83.16,2023,8,3,1,Large,Very High
2023-08-07,Yatharth Hospital & Trauma Care Services Limited,686.55,85.1,37.22,8.34,36.16,300.0,304.0,1.33,717.0,717.5,139.0,2023,8,3,1,Medium,High
2023-07-27,Netweb Technologies India Limited,631.0,228.91,81.81,19.15,90.36,500.0,942.5,88.5,,,322.3,2023,7,3,1,Medium,Very High
2023-07-21,Utkarsh Small Finance Bank Limited,500.0,124.85,81.64,72.11,101.91,25.0,39.95,59.8,20.75,20.7,-17.0,2023,7,3,1,Small,Extreme
2023-07-14,Senco Gold Limited,405.0,180.94,64.99,15.46,73.35,317.0,431.0,35.96,337.0,338.35,6.31,2023,7,3,1,Small,Very High
2023-07-10,Cyient DLM Limited,592.0,90.44,45.05,49.22,67.31,265.0,401.0,51.32,430.0,428.7,62.26,2023,7,3,1,Medium,Very High
2023-07-07,Ideaforge Technologies Limited,567.25,125.81,80.58,85.2,106.06,672.0,,94.21,459.25,462.0,-31.66,2023,7,3,1,Medium,Extreme
2023-07-04,HMA Agro Industries Limited,480.0,1.74,2.97,0.96,1.62,585.0,615.0,5.13,30.5,30.64,-94.79,2023,7,3,1,Small,Low
2023-06-16,IKIO Technologies Limited (formerly IKIO Lighting Limited),606.5,163.58,63.35,13.86,66.3,285.0,391.0,37.19,189.5,189.6,-33.51,2023,6,2,1,Medium,Very High
2023-05-19,Nexus Select Trust,3200.0,0.0,0.0,0.0,3.61,100.0,102.27,2.27,149.01,149.03,49.01,2023,5,2,1,Large,Low
2023-05-09,Mankind Pharma Limited,4326.36,49.16,3.8,0.92,15.32,,,20.37,,,126.6,2023,5,2,1,Large,Moderate
2023-04-18,Avalon Technologies Limited,865.0,3.57,0.41,0.84,2.21,436.0,431.0,-1.15,884.2,890.0,102.8,2023,4,2,0,Medium,Low
2023-04-03,Udayshivakumar Infosolutions Limited,66.0,40.47,60.42,14.1,30.63,35.0,35.0,0.0,36.0,36.23,2.86,2023,4,2,0,Micro,High
2023-03-23,Global Surfaces Limited,154.98,8.95,33.1,5.12,12.21,140.0,163.0,16.43,122.9,123.42,-12.21,2023,3,1,1,Small,Moderate
2023-03-14,Divgi Torqtransfer Systems Limited,412.12,7.83,1.4,4.31,5.44,590.0,600.0,1.69,649.05,652.25,10.01,2023,3,1,1,Small,Moderate
2023-01-12,Sah Polymers Limited,66.3,2.4,32.69,39.78,17.46,65.0,85.0,30.77,114.5,115.0,76.15,2023,1,1,1,Micro,Moderate
2023-01-04,Radiant Cash Management Services Limited,256.64,1.01,0.66,0.21,0.53,94.0,99.3,5.64,54.18,54.13,-42.36,2023,1,1,1,Small,Low
2022-12-30,Elin Electronics Limited,475.0,4.51,3.29,2.2,3.09,247.0,243.0,-1.62,171.9,170.0,-30.4,2022,12,4,0,Small,Low
2022-12-29,KFin Technologies Limited,1500.0,4.17,0.23,1.36,2.59,366.0,369.0,0.82,,,197.36,2022,12,4,1,Large,Low
2022-12-23,Landmark Cars Limited,552.0,8.71,1.32,0.59,3.06,506.0,471.3,-6.86,491.95,490.0,-2.78,2022,12,4,0,Medium,Low
2022-12-23,Abans Financial Services Limited,345.6,4.1,1.48,0.4,1.1,270.0,270.0,0.0,221.45,220.51,-17.98,2022,12,4,0,Small,Low
2022-12-22,Sula Vineyards Limited,960.35,4.13,1.51,1.65,2.33,357.0,358.0,0.28,250.0,249.9,-29.97,2022,12,4,1,Medium,Low
2022-12-12,Uniparts India Limited,835.61,67.14,17.86,4.63,25.32,577.0,575.0,-0.35,390.9,390.6,-32.25,2022,12,4,0,Medium,High
2022-12-08,Dharmaj Crop Guard Limited,251.09,48.21,52.29,21.53,35.49,237.0,266.0,12.24,319.5,321.0,34.81,2022,12,4,1,Small,High
2022-11-24,Keystone Realtors Limited,635.0,3.84,3.03,0.53,2.01,541.0,555.0,2.59,603.75,609.0,11.6,2022,11,4,1,Medium,Low
2022-11-23,Inox Green Energy Limited,740.0,1.05,0.47,4.7,1.55,65.0,60.5,-6.92,160.0,160.73,146.15,2022,11,4,0,Medium,Low
2022-11-22,Kaynes Technology India Limited,857.82,98.47,21.21,4.1,34.16,587.0,775.0,32.03,,,897.59,2022,11,4,1,Medium,High
2022-11-21,Archean Chemical Industries Limited,1462.31,48.91,14.9,9.96,32.23,407.0,449.0,10.32,625.0,626.55,53.56,2022,11,4,1,Large,High
2022-11-21,Five Star Business Finance Limited,1588.51,1.77,0.61,0.11,0.7,474.0,449.95,-5.07,575.9,577.45,21.5,2022,11,4,0,Large,Low
2022-11-16,Bikaji Foods International Limited,880.85,80.63,7.1,4.77,26.67,300.0,321.15,7.05,725.95,724.35,141.98,2022,11,4,1,Medium,High
2022-11-16,Global Health Limited,2205.57,28.64,4.02,0.88,9.58,336.0,398.15,18.5,,,310.98,2022,11,4,1,Large,Moderate
2022-11-15,Fusion Finance Ltd,1103.99,8.59,1.38,0.51,2.95,368.0,360.5,-2.04,154.05,153.26,-58.14,2022,11,4,0,Large,Low
2022-11-11,DCX Systems Ltd,500.0,84.32,43.97,61.77,69.79,207.0,286.25,38.29,251.75,251.8,21.62,2022,11,4,1,Small,Very High
2022-10-20,Tracxn Technologies,309.38,1.66,0.23,2.39,0.71,80.0,83.0,3.75,52.81,52.85,-33.99,2022,10,4,1,Small,Low
2022-10-17,Electronics Mart India,500.0,169.54,63.59,19.72,71.93,59.0,89.4,51.53,119.4,119.28,102.37,2022,10,4,1,Small,Very High
2022-09-26,Harsha Engineers,755.0,178.26,40.36,12.44,47.19,330.0,444.0,34.55,415.0,414.8,25.76,2022,9,3,1,Medium,High
2022-09-15,Tamilnad Mercantile,807.84,1.62,2.94,6.48,2.86,510.0,510.0,0.0,429.5,429.0,-15.78,2022,9,3,0,Medium,Low
2022-09-06,Dreamfolks Services,562.1,70.53,37.66,43.66,56.68,326.0,505.0,54.91,143.9,144.48,-55.86,2022,9,3,1,Medium,Very High
2022-08-26,Syrma SGS Technologies,840.13,87.56,7.13,2.84,15.59,220.0,262.0,19.09,699.0,701.55,217.73,2022,8,3,1,Medium,Moderate
2022-06-03,Aether Industries,808.04,17.57,1.33,0.59,2.91,642.0,706.15,9.99,731.45,731.4,13.93,2022,6,2,1,Medium,Low
2022-06-01,eMudhra Ltd,412.79,4.05,1.28,2.61,2.72,256.0,271.0,5.86,762.0,762.0,197.66,2022,6,2,1,Small,Low
2022-05-30,Ethos Limited,402.26,1.06,0.76,0.32,0.61,878.0,830.0,-5.47,,,216.77,2022,5,2,0,Small,Low
2022-05-27,Paradeep Phosphates Limited,1501.73,3.01,0.32,0.8,0.83,42.0,43.55,3.69,218.45,217.73,420.12,2022,5,2,1,Large,Low
2022-05-24,Venus Pipes & Tubes Limited,165.42,12.02,6.59,11.12,8.69,326.0,335.0,2.76,,,315.95,2022,5,2,1,Small,Moderate
2022-05-24,Delhivery Limited,5235.0,2.66,0.27,0.31,0.39,487.0,493.0,1.23,464.9,465.45,-4.54,2022,5,2,1,Mega,Low
2022-05-20,Prudent Corporate Advisory Services Limited,537.94,1.26,0.74,0.61,0.81,630.0,660.0,4.76,,,323.12,2022,5,2,1,Medium,Low
2022-05-17,Life Insurance Corporation of India (LIC),20557.2,2.83,1.39,1.14,1.64,949.0,867.2,-8.62,918.7,918.2,-3.19,2022,5,2,0,Mega,Low
2022-05-10,Rainbow Children’s Medicare Limited,1580.85,38.9,1.37,0.7,5.25,542.0,506.0,-6.64,,,183.19,2022,5,2,0,Large,Moderate
2022-05-09,Campus Activewear (India) Limited,1399.6,152.04,10.68,4.73,28.55,292.0,355.0,21.58,260.6,260.15,-10.75,2022,5,2,1,Large,High
2022-04-13,Hariom Pipe Industries Limited,130.05,1.91,2.68,6.92,3.57,153.0,214.0,39.87,513.3,514.15,235.49,2022,4,2,1,Small,Low
2022-04-11,Veranda Learning Solutions Limited,200.0,2.02,2.09,5.68,2.24,137.0,157.0,14.6,228.75,228.5,66.97,2022,4,2,1,Small,Low
2022-04-07,Uma Exports Limited,60.0,2.81,0.94,6.28,4.64,68.0,80.0,17.65,46.25,46.17,-31.99,2022,4,2,1,Micro,Low
2022-04-08,Patanjali Foods Limited (formerly Ruchi Soya Industries Limited),4300.0,2.2,11.75,0.9,3.6,650.0,850.0,30.77,,,178.75,2022,4,2,1,Large,Low
2022-02-16,Vedant Fashions Limited,3149.19,7.49,1.07,0.39,2.57,866.0,936.0,8.08,741.95,740.2,-14.32,2022,2,1,1,Large,Low
2022-02-08,AWL Agri Business Limited (formerly Adani Wilmar Limited),3600.0,5.73,56.3,3.92,17.37,230.0,221.0,-3.91,254.0,254.2,10.43,2022,2,1,0,Large,Moderate
2022-01-31,AGS Transact Technologies Limited,680.0,2.68,25.61,3.08,7.79,175.0,176.0,0.57,5.22,5.3,-97.02,2022,1,1,1,Medium,Moderate
2021-12-31,CMS Info Systems Limited,1100.0,1.98,1.45,2.15,1.95,216.0,218.5,1.16,437.65,438.0,102.62,2021,12,4,1,Large,Low
2021-12-28,Supriya Lifescience Limited,700.0,31.83,161.22,56.01,71.51,274.0,425.0,55.11,656.85,656.45,139.73,2021,12,4,1,Medium,Very High
2021-12-27,HP Adhesives Limited,125.96,1.82,19.04,81.24,20.96,274.0,319.0,16.42,46.0,46.16,-83.21,2021,12,4,1,Small,High
2021-12-24,Data Patterns (India) Limited,588.22,190.86,254.22,23.14,119.62,585.0,864.0,47.69,,,331.31,2021,12,4,1,Medium,Extreme
2021-12-23,MedPlus Health Services Limited,1398.3,111.9,85.33,5.24,52.59,796.0,,27.51,811.65,813.15,1.9722,2021,12,4,1,Large,Very High
2021-12-21,C.E. Info Systems Limited (MapmyIndia),1039.61,196.36,424.69,15.2,154.71,,,53.05,,,74.11,2021,12,4,1,Large,Extreme
2021-12-20,Shriram Properties Limited,600.0,1.85,4.82,12.72,4.6,118.0,94.0,-20.34,90.3,90.56,-23.47,2021,12,4,0,Medium,Low
2021-12-17,Rategain Travel Technologies Limited,1335.74,8.42,42.04,8.08,17.41,425.0,364.8,-14.16,482.2,482.4,13.46,2021,12,4,0,Large,Moderate
2021-12-14,Anand Rathi Wealth Limited,659.38,2.5,25.42,7.76,9.78,550.0,602.05,9.46,,,397.46,2021,12,4,1,Medium,Moderate
2021-12-13,Tega Industries Limited,619.23,215.45,666.19,29.44,219.04,453.0,753.0,66.23,,,297.69,2021,12,4,1,Medium,Extreme
2021-12-10,Star Health and Allied Insurance Company Limited,6400.44,1.03,0.19,1.1,0.79,900.0,848.8,-5.69,436.3,436.8,-51.52,2021,12,4,0,Mega,Low
2021-11-30,Go Fashion (India) Limited,1013.61,100.73,262.08,49.7,135.46,690.0,,90.72,700.85,700.1,1.57,2021,11,4,1,Large,Extreme
2021-11-26,Tarsons Products,1023.47,115.77,184.58,10.56,77.49,662.0,700.0,5.74,372.35,373.05,-43.75,2021,11,4,1,Large,Very High
2021-11-23,Latent View Analytics,600.0,145.48,850.66,119.44,326.49,197.0,530.0,169.04,397.5,395.4,101.78,2021,11,4,1,Medium,Extreme
2021-11-18,Sapphire Foods India,2073.25,7.5,3.46,8.7,6.62,,,11.1,321.25,320.55,-72.78,2021,11,4,1,Large,Moderate
2021-11-18,One97 Communications,18300.0,2.79,0.24,1.66,1.89,,,-9.07,,,-48.68,2021,11,4,0,Mega,Low
2021-11-15,PB Fintech,5709.72,24.89,7.82,3.31,16.59,980.0,,17.35,,,86.81,2021,11,4,1,Mega,Moderate
2021-11-15,S.J.S Enterprises Limited,800.0,1.42,2.32,1.38,1.59,542.0,540.0,-0.37,,,118.48,2021,11,4,0,Medium,Low
2021-11-15,Sigachi Industries Limited,125.43,86.51,172.43,80.49,101.91,163.0,575.0,252.76,31.63,31.65,-80.6,2021,11,4,1,Small,Extreme
2021-11-12,Fino Payments Bank Limited,1200.29,1.65,0.21,5.92,2.03,577.0,548.0,-5.03,251.6,251.65,-56.4,2021,11,4,0,Large,Low
2021-11-10,FSN E Commerce Ventures Limited (Nykaa),5349.72,91.18,112.02,12.24,81.78,,,77.87,202.9,203.08,-81.96,2021,11,4,1,Mega,Very High
2021-10-11,Aditya Birla Sun Life AMC Limited,2768.26,10.36,4.39,3.24,5.24,712.0,712.0,0.0,847.9,848.4,19.09,2021,10,4,0,Large,Moderate
2021-10-01,Paras Defence and Space Technologies Limited,170.78,169.65,927.7,112.81,304.26,175.0,475.0,171.43,652.05,652.2,272.6,2021,10,4,1,Small,Extreme
2021-09-24,Sansera Engineering Limited,1282.52,0.29,0.07,0.87,0.53,744.0,811.35,9.05,,,71.73,2021,9,3,1,Large,Low
2021-09-14,Vijaya Diagnostic Centre Limited,1894.26,13.07,1.32,1.09,4.54,531.0,542.3,2.13,,,98.78,2021,9,3,1,Large,Low
2021-09-14,Acutaas Chemicals Limited,569.64,86.64,154.81,13.36,64.54,610.0,902.0,47.87,,,113.23,2021,9,3,1,Medium,Very High
2021-08-24,Aptus Value Housing Finance India Limited,2780.05,32.41,33.91,1.35,17.2,353.0,329.95,-6.53,336.65,337.0,-4.63,2021,8,3,0,Large,Moderate
2021-08-24,Chemplast Sanmar Limited,3850.0,2.7,1.03,2.29,2.17,541.0,525.0,-2.96,409.15,409.85,-24.37,2021,8,3,0,Large,Low
2021-08-23,Nuvoco Vistas Corporation Limited,5000.0,4.23,0.66,0.73,1.71,570.0,471.0,-17.37,450.75,451.9,-20.92,2021,8,3,0,Large,Low
2021-08-20,CarTrade Tech Limited,2998.51,35.45,41.0,2.75,20.29,,,-1.11,,,41.0,2021,8,3,0,Large,High
2021-08-16,Devyani International Limited,1838.0,95.27,213.06,39.52,116.71,90.0,141.0,56.67,154.55,154.54,71.72,2021,8,3,1,Large,Extreme
2021-08-16,Windlas Biotech Limited,401.54,24.4,15.73,24.27,22.47,460.0,439.0,-4.57,929.1,929.5,101.98,2021,8,3,0,Small,High
2021-08-16,Exxaro Tiles Limited,160.77,17.67,5.36,40.1,22.68,120.0,126.0,5.0,7.85,7.82,-93.46,2021,8,3,1,Small,High
2021-08-16,Krsnaa Diagnostics Limited,1213.34,49.83,116.3,42.04,64.4,954.0,,7.44,836.0,831.7,-12.37,2021,8,3,1,Large,Very High
2021-08-09,Rolex Rings Limited,731.1,143.58,360.11,24.49,130.44,900.0,,38.78,,,53.29,2021,8,3,1,Medium,Extreme
2021-08-06,Alivus Life Sciences Limited,1513.6,36.97,122.54,14.63,44.17,720.0,751.1,4.32,937.7,937.5,30.24,2021,8,3,1,Large,High
2021-07-29,Tatva Chintan Pharma Chem Limited,500.0,185.23,512.22,35.35,180.36,,,95.0,,,-4.32,2021,7,3,1,Small,Extreme
2021-07-23,Eternal Limited,9375.0,51.79,32.96,7.45,38.25,76.0,115.0,51.32,305.6,304.75,302.11,2021,7,3,1,Mega,High
2021-07-19,G R Infraprojects Limited,962.33,75.4,165.03,7.69,59.1,837.0,,103.11,,,48.43,2021,7,3,1,Medium,Very High
2021-07-19,Clean Science and Technology Limited,1546.62,70.31,110.28,5.71,46.57,900.0,,98.27,,,30.54,2021,7,3,1,Large,High
2021-07-05,India Pesticides Limited,800.0,42.95,51.88,11.3,29.04,296.0,360.0,21.62,219.8,219.79,-25.74,2021,7,3,1,Medium,High
2021-06-28,Dodla Dairy Limited,520.18,84.88,73.26,11.33,45.61,428.0,528.0,23.36,,,203.5,2021,6,2,1,Medium,High
2021-06-28,Krishna Institute of Medical Sciences Limited,2143.74,5.26,1.89,2.9,3.86,825.0,,22.29,729.9,728.6,-11.53,2021,6,2,1,Large,Low
2021-06-24,Sona BLW Precision Forgings Limited,5550.0,3.46,0.39,1.57,2.28,291.0,302.4,3.92,447.85,448.25,53.9,2021,6,2,1,Mega,Low
2021-06-24,Shyam Metalics and Energy Limited,908.55,155.71,339.98,11.58,121.4,306.0,367.0,19.93,944.65,946.15,208.71,2021,6,2,1,Medium,Extreme
2021-05-14,Powergrid Infrastructure Investment Trust,7734.99,4.63,5.07,0.0,4.83,100.0,104.0,4.0,91.25,91.2,-8.75,2021,5,2,1,Mega,Low
2021-04-19,Macrotech Developers Limited (Lodha Group),2500.0,3.05,1.44,0.4,1.36,486.0,439.0,-9.67,,,151.54,2021,4,2,0,Large,Low
2021-04-07,Barbeque Nation Hospitality Limited,452.87,5.11,3.1,13.13,5.98,500.0,492.0,-1.6,256.35,256.2,-48.73,2021,4,2,0,Small,Moderate
2021-03-30,Nazara Technologies Limited,582.69,103.77,389.89,75.29,175.46,,,79.02,,,28.6,2021,3,1,1,Medium,Extreme
2021-03-26,Suryoday Small Finance Bank Limited,580.84,2.18,1.31,3.09,2.37,305.0,293.0,-3.93,123.25,123.08,-59.59,2021,3,1,0,Medium,Low
2021-03-26,Kalyan Jewellers India Limited,1174.82,2.76,1.91,2.82,2.61,87.0,73.9,-15.06,521.35,523.75,499.25,2021,3,1,0,Large,Low
2021-03-25,Craftsman Automation Limited,823.7,5.21,2.84,3.43,3.81,,,-9.4,,,359.39,2021,3,1,0,Medium,Low
2021-03-25,Laxmi Organic Industries Limited,600.0,175.43,217.62,20.06,106.79,130.0,156.2,20.15,183.5,183.7,41.15,2021,3,1,1,Medium,Extreme
2021-03-24,Anupam Rasayan India Limited,760.0,65.74,97.42,10.77,44.06,555.0,534.7,-3.66,,,104.56,2021,3,1,0,Medium,High
2021-03-19,Easy Trip Planners Limited,510.0,77.53,382.21,70.4,159.33,187.0,206.0,10.16,9.25,9.27,-95.05,2021,3,1,1,Medium,Extreme
2021-03-15,MTAR Technologies Limited,596.41,164.99,650.79,28.4,200.79,575.0,,85.03,,,156.52,2021,3,1,1,Medium,Extreme
2021-03-05,Heranba Industries Limited,625.24,67.45,271.15,11.84,83.29,627.0,900.0,43.54,353.1,355.0,-43.68,2021,3,1,1,Medium,Very High
2021-02-26,Railtel Corporation of India Limited,819.24,65.14,73.25,16.78,42.39,94.0,104.6,11.28,350.05,350.7,272.39,2021,2,1,1,Medium,High
2021-02-25,Nureca Limited,100.0,3.1,31.59,166.65,39.93,400.0,634.95,58.74,238.05,236.34,-40.49,2021,2,1,1,Micro,High
2021-02-16,Brookfield India Real Estate Trust,3800.0,4.78,11.74,0.0,7.94,275.0,275.05,0.02,313.46,313.45,13.99,2021,2,1,1,Large,Moderate
2021-02-05,Stove Kraft Limited,412.63,8.02,32.72,26.04,18.03,385.0,467.0,21.3,587.65,587.05,52.64,2021,2,1,1,Small,Moderate
2021-02-03,Home First Finance Company India Limited,1153.72,52.53,39.0,6.59,26.66,518.0,612.15,18.18,,,140.59,2021,2,1,1,Large,High
2021-02-02,Indigo Paints Limited,1169.12,189.57,263.05,15.93,117.02,,,75.0,,,-25.78,2021,2,1,1,Large,Extreme
2021-01-29,Indian Railway Finance Corporation Limited,4633.38,3.78,2.67,3.66,3.49,26.0,25.0,-3.85,126.4,126.3,386.15,2021,1,1,0,Large,Low
2021-01-01,Antony Waste Handling Cell Ltd,299.99,0.89,0.26,0.37,0.49,315.0,430.0,36.51,581.45,577.35,84.59,2021,1,1,1,Small,Low
2020-12-24,Mrs Bectors Food Specialities Ltd,540.54,176.85,620.86,29.33,198.02,288.0,501.0,73.96,,,400.42,2020,12,4,1,Medium,Extreme
2020-12-14,Restaurant Brands Asia Ltd,810.0,86.64,354.11,68.15,156.65,60.0,115.35,92.25,77.97,77.85,29.95,2020,12,4,1,Medium,Extreme
2020-11-20,Gland Pharma Ltd,6479.55,6.4,0.51,0.24,2.06,,,13.4,,,28.68,2020,11,4,1,Mega,Low
2020-11-02,Equitas Small Finance Bank Ltd,517.6,3.91,0.22,2.08,1.95,33.0,31.0,-6.06,55.0,54.89,66.67,2020,11,4,0,Medium,Low
2020-10-12,UTI Asset Management Company Ltd,2159.88,3.34,0.93,2.32,2.31,554.0,490.25,-11.51,,,140.27,2020,10,4,0,Large,Low
2020-10-15,Likhitha Infrastructure Ltd,61.2,21.99,1.54,23.71,9.51,120.0,130.1,8.42,253.6,253.85,111.33,2020,10,4,1,Micro,Moderate
2020-10-12,Mazagon Dock Shipbuilders Ltd,443.69,89.71,678.88,35.63,157.41,145.0,216.25,49.14,,,,2020,10,4,1,Small,Extreme
2020-10-05,Angel One Ltd,600.0,3.07,0.11,1.83,1.81,306.0,275.0,-10.13,,,726.0,2020,10,4,0,Medium,Low
2020-10-01,Computer Age Management Services Ltd,2242.11,73.18,111.85,5.55,46.99,,,23.41,,,208.44,2020,10,4,1,Large,High
2020-10-01,Chemcon Speciality Chemicals Ltd,318.0,113.54,449.14,41.21,149.33,340.0,730.95,114.99,231.95,231.15,-31.78,2020,10,4,1,Small,Extreme
2020-09-21,Route Mobile Ltd,600.0,89.76,192.81,12.67,73.3,350.0,708.0,102.29,874.85,874.1,149.96,2020,9,3,1,Medium,Very High
2020-09-17,Happiest Minds Technologies Ltd,702.02,77.43,351.46,70.94,150.98,166.0,351.0,111.45,581.3,580.15,250.18,2020,9,3,1,Medium,Extreme
2020-07-27,Yes Bank Ltd,15000.0,1.9,0.63,0.47,0.93,12.0,12.3,2.5,18.79,18.76,56.58,2020,7,3,1,Mega,Low
2020-07-23,Rossari Biotech Ltd,496.25,85.26,239.83,7.23,79.37,425.0,670.0,57.65,636.05,635.8,49.66,2020,7,3,1,Small,Very High
2020-03-16,SBI Cards & Payment Services Ltd,10340.8,57.18,45.23,2.5,26.54,755.0,658.0,-12.85,797.85,798.4,5.68,2020,3,1,0,Mega,High
2019-12-30,Prince Pipes and Fittings Ltd,500.0,3.54,1.21,1.89,2.21,178.0,160.0,-10.11,291.35,291.1,63.68,2019,12,4,0,Small,Low
2019-12-12,Ujjivan Small Finance Bank Ltd,745.95,110.72,473.0,49.09,165.69,37.0,58.0,56.76,43.27,43.28,16.95,2019,12,4,1,Medium,Extreme
2019-12-04,CSB Bank Ltd,409.68,62.18,164.68,44.53,86.93,195.0,275.0,41.03,412.8,411.35,111.69,2019,12,4,1,Small,Very High
2019-10-15,Vishwaraj Sugar Industries Ltd,60.0,1.0,1.76,0.64,1.12,60.0,61.2,2.0,8.9,8.92,-85.17,2019,10,4,1,Micro,Low
2019-10-14,Indian Railway Catering and Tourism Corporation Ltd,637.97,108.79,354.52,14.94,111.95,320.0,644.0,101.25,726.65,725.5,127.08,2019,10,4,1,Medium,Extreme
2019-08-20,Sterling and Wilson Solar Ltd,2849.64,1.02,0.89,0.3,0.85,780.0,700.0,-10.26,282.0,283.15,-63.85,2019,8,3,0,Large,Low
2019-08-19,Spandana Sphoorty Financial Ltd,1189.85,3.11,0.55,0.09,1.05,856.0,824.0,-3.74,248.2,248.2,-71.0,2019,8,3,0,Large,Low
2019-08-08,Affle (India) Ltd,459.0,55.31,198.69,10.96,86.49,745.0,929.9,24.82,,,165.14,2019,8,3,1,Small,Very High
2019-07-04,Indiamart Intermesh Ltd,475.59,14.92,15.78,3.03,12.95,973.0,,21.27,,,164.54,2019,7,3,1,Small,Moderate
2019-05-08,Neogen Chemicals Ltd,132.35,30.49,113.88,16.06,41.18,215.0,251.0,16.74,,,560.47,2019,5,2,1,Small,High
2019-04-16,Polycab India Ltd,1345.26,92.44,110.42,4.65,51.96,538.0,633.0,17.66,,,,2019,4,2,1,Large,Very High
2019-04-15,Metropolis Healthcare Ltd,1204.29,8.88,3.03,2.21,5.84,880.0,960.0,9.09,,,134.18,2019,4,2,1,Large,Moderate
2019-04-11,Rail Vikas Nigam Ltd,477.11,1.36,0.8,2.93,1.83,19.0,19.0,0.0,344.55,344.45,,2019,4,2,0,Small,Low
2019-04-01,Embassy Office Parks REIT,4750.0,2.15,3.09,0.0,2.57,300.0,300.0,0.0,385.0,384.76,28.33,2019,4,2,0,Large,Low
2019-03-29,MSTC Ltd,211.04,0.29,1.71,2.18,0.7,120.0,111.0,-7.5,470.9,470.3,292.42,2019,3,1,0,Small,Low
2019-02-07,Chalet Hotels Ltd,1641.18,4.66,1.1,0.03,1.57,280.0,291.0,3.93,879.2,878.35,214.0,2019,2,1,1,Large,Low
2019-02-04,Xelpmoc Design and Technologies Ltd,23.0,1.24,7.69,2.64,3.25,66.0,56.0,-15.15,91.73,91.45,38.98,2019,2,1,0,Micro,Low
2018-10-08,AAVAS Financiers Ltd,1640.32,2.77,0.26,0.25,0.97,821.0,758.0,-7.67,,,108.69,2018,10,4,0,Large,Low
2018-10-10,Garden Reach Shipbuilders & Engineers Ltd,343.59,1.81,0.31,0.24,1.02,118.0,104.0,-11.86,,,,2018,10,4,0,Small,Low
2018-09-28,Ircon International Ltd,466.94,12.29,4.92,10.07,9.9,475.0,410.3,-13.62,167.25,167.41,-64.79,2018,9,3,0,Small,Moderate
2018-08-23,CreditAccess Grameen Ltd,1131.19,5.52,0.98,0.88,2.22,422.0,385.0,-8.77,,,203.55,2018,8,3,0,Large,Low
2018-08-06,HDFC Asset Management Company Ltd,2800.33,192.26,195.15,6.73,83.06,,,58.09,,,399.13,2018,8,3,1,Large,Very High
2018-07-30,TCNS Clothing Co. Ltd,1125.13,13.47,5.08,0.67,5.27,716.0,715.0,-0.14,583.9,583.95,-18.45,2018,7,3,0,Large,Moderate
2018-07-06,Varroc Engineering Ltd,1954.96,9.16,2.45,0.95,3.59,967.0,,6.72,520.0,520.0,-46.23,2018,7,3,1,Large,Low
2018-07-02,Fine Organic Industries Ltd,600.17,12.86,21.01,1.62,8.99,783.0,815.0,4.09,,,517.93,2018,7,3,1,Medium,Moderate
2018-07-02,Rites Ltd,460.51,71.72,194.56,15.74,67.24,185.0,190.0,2.7,251.35,250.5,35.86,2018,7,3,1,Small,Very High
2018-05-21,Indostar Capital Finance Ltd,1844.0,16.08,6.91,1.48,6.8,572.0,600.0,4.9,275.2,275.8,-51.89,2018,5,2,1,Large,Moderate
2018-04-09,Lemon Tree Hotels Ltd,1038.68,3.89,0.12,0.12,1.19,56.0,61.6,10.0,145.5,145.25,159.82,2018,4,2,1,Large,Low
2018-04-04,ICICI Securities Ltd,3514.85,1.04,0.36,0.88,0.78,520.0,431.1,-17.1,895.7,896.2,72.25,2018,4,2,0,Large,Low
2018-04-04,Mishra Dhatu Nigam Ltd (MIDHANI),435.02,1.96,0.13,0.72,1.21,90.0,87.0,-3.33,389.9,389.5,333.22,2018,4,2,0,Small,Low
2018-04-02,Sandhar Technologies Ltd,512.48,14.49,6.39,1.42,6.19,332.0,345.0,3.92,422.35,421.85,27.21,2018,4,2,1,Medium,Moderate
2018-03-28,Hindustan Aeronautics Ltd (HAL),4113.13,1.73,0.03,0.39,0.99,,,-3.79,,,256.79,2018,3,1,0,Large,Low
2018-04-02,Dharan Infra EPC Ltd,77.4,1.55,3.44,2.01,2.54,180.0,136.0,-24.44,0.47,0.42,-99.74,2018,4,2,0,Micro,Low
2018-03-27,Bandhan Bank Ltd,4473.02,38.67,13.89,1.2,14.63,375.0,485.0,29.33,167.2,166.73,-55.41,2018,3,1,1,Large,Moderate
2018-03-23,Bharat Dynamics Ltd,952.79,1.5,0.5,1.41,1.3,428.0,360.0,-15.89,,,244.86,2018,3,1,0,Medium,Low
2018-03-09,H.G. Infra Engineering Ltd,462.0,8.37,4.97,3.08,4.98,270.0,270.0,0.0,995.0,994.9,268.52,2018,3,1,0,Small,Low
2018-02-26,Aster DM Healthcare Ltd,980.14,2.1,0.55,1.18,1.31,190.0,182.1,-4.16,589.35,589.25,210.18,2018,2,1,0,Medium,Low
2018-02-08,Galaxy Surfactants Ltd,937.09,54.27,6.96,6.01,20.0,,,2.7,,,61.15,2018,2,1,1,Medium,Moderate
2018-01-30,Amber Enterprises India Ltd,599.57,174.99,519.26,11.65,165.42,859.0,,37.37,,,698.04,2018,1,1,1,Medium,Extreme
2018-01-29,Newgen Software Technologies Ltd,424.62,15.62,5.52,5.18,8.25,245.0,253.0,3.27,868.4,867.1,254.45,2018,1,1,1,Small,Moderate
2018-01-22,Apollo Micro Systems Ltd,156.0,101.93,958.07,40.19,248.51,275.0,478.0,73.82,185.3,185.31,-32.62,2018,1,1,1,Small,Extreme
2017-12-29,Astron Paper & Board Mill Ltd,69.83,103.36,396.99,77.93,243.29,50.0,114.0,128.0,14.75,14.73,-70.5,2017,12,4,1,Micro,Extreme
2017-12-18,Future Supply Chain Solutions Ltd,649.7,12.36,11.15,3.28,7.56,664.0,674.0,1.51,2.39,2.23,-99.64,2017,12,4,1,Medium,Moderate
2017-12-15,Shalby Ltd,504.8,4.34,0.42,2.98,2.82,248.0,237.0,-4.44,204.15,203.95,-17.68,2017,12,4,0,Medium,Low
2017-11-17,HDFC Life Insurance Company Ltd,8695.0,16.6,2.29,0.94,4.9,290.0,311.0,7.24,761.45,760.45,162.57,2017,11,4,1,Mega,Low
2017-11-14,Khadim India Ltd,543.06,2.44,0.18,2.33,1.9,750.0,727.0,-3.07,261.75,262.2,-65.1,2017,11,4,0,Medium,Low
2017-11-13,New India Assurance Company Ltd,9466.98,2.34,0.12,0.11,1.19,800.0,748.9,-6.39,187.35,186.76,-76.58,2017,11,4,0,Mega,Low
2017-11-10,Mahindra Logistics Ltd,828.88,15.6,2.07,6.1,7.9,429.0,432.0,0.7,326.5,328.6,-23.89,2017,11,4,1,Medium,Moderate
2017-11-06,Nippon Life India Asset Management Ltd,1542.24,118.4,209.44,5.65,81.54,252.0,294.0,16.67,806.0,809.6,219.84,2017,11,4,1,Large,Very High
2017-10-25,General Insurance Corporation of India Ltd,11175.8,2.25,0.22,0.63,1.38,912.0,850.0,-6.8,396.2,395.5,-56.56,2017,10,4,0,Mega,Low
2017-10-23,Indian Energy Exchange Ltd,1000.73,2.56,0.85,2.61,2.28,,,-9.09,137.85,137.64,-91.65,2017,10,4,0,Large,Low
2017-10-18,MAS Financial Services Ltd,460.04,148.33,378.53,15.97,128.39,459.0,660.0,43.79,301.85,301.3,-34.24,2017,10,4,1,Small,Extreme
2017-10-16,Godrej Agrovet Ltd,1157.31,150.96,236.04,7.67,95.41,460.0,621.0,35.0,794.9,794.45,72.8,2017,10,4,1,Large,Very High
2017-10-05,Prataap Snacks Ltd,481.56,76.89,101.15,8.48,47.39,938.0,,33.26,904.45,904.3,-3.58,2017,10,4,1,Small,High
2017-10-03,SBI Life Insurance Company Ltd,8386.4,12.56,0.7,0.85,3.58,700.0,733.3,4.76,,,163.31,2017,10,4,1,Mega,Low
2017-09-27,ICICI Lombard General Insurance Company Ltd,5700.94,8.17,0.83,1.23,2.98,661.0,650.0,-1.66,,,187.07,2017,9,3,0,Mega,Low
2017-09-25,Capacit'e Infraprojects Ltd,400.0,131.32,638.05,17.57,183.03,250.0,399.0,59.6,291.0,291.5,16.4,2017,9,3,1,Small,Extreme
2017-09-21,Matrimony.com Ltd,496.88,1.88,0.41,18.16,4.44,985.0,985.0,0.0,510.6,511.4,-48.16,2017,9,3,0,Small,Low
2017-09-18,Bharat Road Network Ltd,600.65,1.33,1.63,5.69,1.81,205.0,204.9,-0.05,18.41,18.42,-91.02,2017,9,3,0,Medium,Low
2017-09-18,Dixon Technologies (India) Ltd,599.28,134.66,345.61,10.6,117.83,,,54.3,,,801.7,2017,9,3,1,Medium,Extreme
2017-09-04,Apex Frozen Foods Ltd,152.25,1.91,7.82,8.53,6.14,175.0,199.9,14.23,233.45,236.67,33.4,2017,9,3,1,Small,Moderate
2017-08-11,Cochin Shipyard Ltd,1442.01,63.52,288.87,8.51,76.19,432.0,435.0,0.69,,,283.09,2017,8,3,1,Large,Very High
2017-08-10,SIS Ltd,779.58,5.64,1.66,19.51,7.07,815.0,875.0,7.36,368.0,368.1,-54.85,2017,8,3,1,Medium,Moderate
2017-07-25,Salasar Techno Engineering Ltd,35.87,0.0,2.59,19.42,11.01,108.0,259.15,139.95,7.05,7.06,-93.47,2017,7,3,1,Micro,Moderate
2017-07-10,AU Small Finance Bank Ltd,1912.51,78.77,143.51,3.52,53.6,358.0,525.0,46.65,733.4,731.35,104.86,2017,7,3,1,Large,Very High
2017-07-04,GTPL Hathway Ltd,484.8,1.48,2.85,0.99,1.53,170.0,170.0,0.0,117.9,118.44,-30.65,2017,7,3,0,Small,Low
2017-06-29,ERIS Lifesciences Ltd,1741.16,4.68,0.45,3.51,3.29,603.0,612.0,1.49,,,179.0,2017,6,2,1,Large,Low
2017-06-27,Tejas Networks Ltd,776.69,2.16,0.48,3.1,1.88,257.0,257.0,0.0,559.15,558.6,117.57,2017,6,2,0,Medium,Low
2017-05-29,PSP Projects Ltd,211.68,8.38,10.39,6.47,8.58,210.0,199.0,-5.24,666.0,666.0,217.14,2017,5,2,0,Small,Moderate
2017-06-06,IndiGrid Infrastructure Fund,2249.96,1.14,1.6,0.0,1.35,100.0,100.0,0.0,157.89,158.0,57.89,2017,6,2,0,Large,Low
2017-05-19,Housing & Urban Development Corporation Ltd,1209.78,55.45,330.36,10.79,79.53,60.0,73.45,22.42,211.45,210.25,252.42,2017,5,2,1,Large,Very High
2017-05-18,IRB InvIT Fund,5032.88,10.81,5.89,0.0,8.57,102.0,103.25,1.23,63.2,63.2,-38.04,2017,5,2,1,Mega,Moderate
2017-05-09,S Chand & Company Ltd,728.6,44.27,204.65,6.07,59.49,670.0,707.0,5.52,186.1,187.52,-72.22,2017,5,2,1,Medium,Very High
2017-04-05,Shankara Building Products Ltd,345.0,51.62,90.68,15.35,41.88,460.0,545.0,18.48,,,139.24,2017,4,2,1,Small,High
2017-03-31,CL Educate Ltd,238.95,3.65,0.21,1.63,1.9,502.0,398.0,-20.72,106.5,106.04,-78.78,2017,3,1,0,Small,Low
2017-03-21,Avenue Supermarts Ltd (DMart),1870.0,144.62,277.74,7.51,104.59,299.0,604.4,102.14,,,,2017,3,1,1,Large,Extreme
2017-03-17,Music Broadcast Ltd,488.53,39.78,109.13,9.85,39.67,333.0,420.0,26.13,8.31,8.35,-97.5,2017,3,1,1,Small,High
2016-12-19,Laurus Labs Ltd,1330.51,10.54,3.58,1.67,4.57,428.0,490.0,14.49,821.9,815.25,92.03,2016,12,4,1,Large,Low
2016-12-09,Sheela Foam Ltd,510.0,14.51,3.35,0.44,5.09,730.0,860.0,17.81,664.55,664.5,-8.97,2016,12,4,1,Medium,Moderate
2016-11-08,Varun Beverages Ltd,1112.5,4.94,0.42,0.82,1.86,445.0,430.0,-3.37,513.1,512.4,15.3,2016,11,4,0,Large,Low
2016-11-07,PNB Housing Finance Ltd,3000.0,37.33,86.17,1.35,29.55,775.0,863.0,11.35,769.05,768.2,-0.77,2016,11,4,1,Large,High
2016-10-19,Endurance Technologies Ltd,1161.73,53.43,127.07,2.69,43.84,472.0,570.0,20.76,,,436.65,2016,10,4,1,Large,High
2016-10-04,HPL Electric & Power Ltd,361.0,5.77,22.2,3.31,8.06,202.0,190.05,-5.92,585.5,585.5,189.85,2016,10,4,0,Small,Moderate
2016-09-29,ICICI Prudential Life Insurance Company Ltd,6056.79,11.83,28.55,1.42,10.48,334.0,329.0,-1.5,614.25,612.95,83.91,2016,9,3,0,Mega,Moderate
2016-09-26,GNA Axles Ltd,130.41,17.18,217.47,11.84,54.88,207.0,248.5,20.05,303.5,302.65,46.62,2016,9,3,1,Small,Very High
2016-09-23,L&T Technology Services Ltd,894.4,5.01,1.03,1.75,2.53,860.0,900.0,4.65,,,386.41,2016,9,3,1,Medium,Low
2016-08-31,RBL Bank Ltd,1212.97,85.08,198.06,5.7,69.62,225.0,273.7,21.64,258.3,257.4,14.8,2016,8,3,1,Large,Very High
2016-08-12,S P Apparels Ltd,239.12,1.0,0.45,0.54,0.66,268.0,305.0,13.81,814.4,814.9,203.88,2016,8,3,1,Small,Low
2016-08-11,Dilip Buildcon Ltd,653.98,9.76,79.64,2.35,20.95,219.0,240.0,9.59,474.7,476.25,116.76,2016,8,3,1,Medium,High
2016-08-01,Advanced Enzyme Technologies Ltd,411.49,94.03,393.1,11.67,116.02,896.0,,35.04,302.0,303.2,-66.29,2016,8,3,1,Small,Extreme
2016-07-21,LTIMindtree Ltd,1236.38,19.91,10.76,7.39,11.69,710.0,666.6,-6.11,,,618.08,2016,7,3,0,Large,Moderate
2016-07-12,Quess Corp Ltd,400.0,59.03,392.21,34.08,144.5,317.0,499.0,57.41,276.5,276.35,-12.78,2016,7,3,1,Small,Extreme
2016-07-01,Mahanagar Gas Ltd,1038.88,72.84,191.61,6.82,64.54,421.0,540.0,28.27,,,222.09,2016,7,3,1,Large,Very High
2016-05-19,Parag Milk Foods Ltd,750.54,1.15,3.08,2.12,1.83,215.0,215.7,0.33,221.1,221.62,2.84,2016,5,2,1,Medium,Low
2016-05-10,Ujjivan Financial Services Ltd,882.5,33.84,135.45,4.02,40.68,210.0,227.0,8.1,590.35,589.5,181.12,2016,5,2,1,Medium,High
2016-05-09,Thyrocare Technologies Ltd,479.21,73.18,225.3,8.73,73.55,446.0,662.0,48.43,,,202.02,2016,5,2,1,Small,Very High
2016-04-21,Equitas Holdings Ltd,2176.69,14.93,57.29,1.4,17.21,110.0,144.0,30.91,119.9,120.3,9.0,2016,4,2,1,Large,Moderate
2016-04-04,Infibeam Avenues Ltd,450.0,0.86,2.23,1.31,1.11,432.0,458.0,6.02,15.09,15.08,-96.51,2016,4,2,1,Small,Low
2016-04-01,Bharat Wire Ropes Ltd,70.0,1.01,2.02,2.08,1.21,45.0,47.35,5.22,173.3,174.77,285.11,2016,4,2,1,Micro,Low
2016-03-30,Healthcare Global Enterprises Ltd,649.64,2.36,0.43,0.83,1.56,218.0,209.8,-3.76,659.0,656.5,202.29,2016,3,1,0,Medium,Low
2016-02-18,Quick Heal Technologies Ltd,451.25,4.34,36.69,3.82,10.8,321.0,304.95,-5.0,287.45,287.5,-10.45,2016,2,1,0,Small,Moderate
2016-02-12,Team Lease Services Ltd,423.68,26.97,185.24,10.62,66.02,850.0,860.0,1.18,,,103.53,2016,2,1,1,Small,Very High
2016-02-08,Precision Camshafts Ltd,410.19,2.62,0.73,2.01,1.91,186.0,163.1,-12.31,174.1,174.19,-6.4,2016,2,1,0,Small,Low
2016-01-06,Narayana Hrudayalaya Ltd,613.08,24.43,3.62,1.89,8.7,250.0,291.0,16.4,,,618.78,2016,1,1,1,Medium,Moderate
2015-12-23,Dr Lal Pathlabs Ltd,631.91,63.56,61.28,4.24,33.41,550.0,717.0,30.36,,,489.98,2015,12,4,1,Medium,High
2015-12-23,Alkem Laboratories Ltd,1347.76,57.19,129.96,3.17,44.29,,,31.43,,,371.18,2015,12,4,1,Large,High
2015-11-16,S H Kelkar & Company Ltd,508.17,4.68,1.14,0.47,1.84,180.0,222.0,23.33,234.05,229.9,30.03,2015,11,4,1,Medium,Low
2015-11-10,Interglobe Aviation Ltd,3008.5,17.8,3.57,0.92,6.15,765.0,856.0,11.9,,,672.55,2015,11,4,1,Large,Moderate
2015-09-16,Sadbhav Infrastructure Project Ltd,491.66,3.04,1.66,1.68,2.24,103.0,110.75,7.52,3.61,3.63,-96.5,2015,9,3,1,Small,Low
2015-09-21,Madhyam Agrivet Industries Ltd,362.57,0.88,1.42,0.34,0.77,115.0,115.0,0.0,99.75,99.6,-13.26,2015,9,3,0,Small,Low
2015-09-10,Shree Pushkar Chemicals Ltd,70.0,0.97,2.09,1.54,1.34,65.0,60.0,-7.69,399.25,397.75,514.23,2015,9,3,0,Micro,Low
2015-09-10,Pennar Engineered Building Systems Ltd,156.19,2.2,1.44,0.41,1.15,178.0,150.0,-15.73,63.85,62.85,-64.13,2015,9,3,0,Small,Low
2015-09-09,Navkar Corporation Ltd,600.0,6.47,0.9,1.62,2.85,155.0,152.0,-1.94,119.5,119.47,-22.9,2015,9,3,0,Medium,Low
2015-08-26,Power Mech Projects Ltd,273.22,27.53,133.22,3.42,38.12,640.0,600.0,-6.25,,,386.41,2015,8,3,0,Small,High
2015-08-11,Syngene International Ltd,550.0,51.47,90.24,4.78,32.05,250.0,295.0,18.0,644.95,645.4,157.98,2015,8,3,1,Medium,High
2015-07-09,Manpasand Beverages Ltd,400.0,1.98,0.38,1.16,1.4,320.0,291.0,-9.06,6.14,5.85,-98.08,2015,7,3,0,Small,Low
2015-05-26,PNC Infratech Ltd,488.44,4.51,0.65,0.28,1.56,378.0,381.0,0.79,303.35,303.6,-19.75,2015,5,2,1,Small,Low
2015-05-14,UFO Moviez India Ltd,600.0,4.49,1.17,1.02,2.04,625.0,600.0,-4.0,77.46,77.65,-87.61,2015,5,2,0,Medium,Low
2015-05-06,MEP Infrastructure Developers Ltd,324.0,1.02,1.51,0.97,1.11,63.0,63.0,0.0,1.65,1.61,-97.38,2015,5,2,0,Small,Low
2015-04-30,VRL Logistics Ltd,467.88,58.22,250.86,7.92,74.26,205.0,288.0,40.49,575.0,574.1,180.49,2015,4,2,1,Small,Very High
2015-04-09,Inox Wind Ltd,1020.53,35.68,35.38,2.15,18.6,325.0,400.0,23.08,140.05,140.35,-56.91,2015,4,2,1,Large,Moderate
2015-04-06,Imagicaaworld Entertainment Ltd,374.59,1.17,0.7,1.37,1.11,180.0,167.95,-6.69,60.63,60.57,-66.32,2015,4,2,0,Small,Low
2015-03-19,Ortel Communications Ltd,174.71,1.01,0.09,0.39,0.75,181.0,181.0,0.0,1.41,1.65,-99.22,2015,3,1,0,Small,Low
2014-12-19,Monte Carlo Fashions Ltd,350.43,13.96,1.71,6.96,7.83,645.0,585.0,-9.3,549.6,545.9,-14.79,2014,12,4,0,Small,Moderate
2014-10-01,Shemaroo Entertainment Ltd,120.0,5.69,8.64,7.79,7.39,170.0,180.0,5.88,116.0,117.2,-31.76,2014,10,4,1,Small,Moderate
2014-09-23,Sharda Cropchem Ltd,351.86,32.06,251.35,5.85,59.97,156.0,254.1,62.88,973.65,974.2,524.13,2014,9,3,1,Small,Very High
2014-09-12,Snowman Logistics Ltd,197.4,16.98,221.79,41.26,59.75,47.0,75.0,59.57,53.63,53.62,14.11,2014,9,3,1,Small,Very High
2014-05-09,Wonderla Holidays Ltd,181.25,16.71,159.04,7.55,38.06,125.0,164.75,31.8,589.85,589.6,371.88,2014,5,2,1,Small,High
2014-02-28,Engineers India Ltd,498.13,23.43,5.85,2.99,13.36,150.0,149.9,-0.07,201.0,201.05,34.0,2014,2,1,0,Small,Moderate
2013-12-19,Power Grid Corporation of India Ltd,6958.64,115.9,40.34,6.77,64.82,90.0,97.1,7.89,285.75,286.2,217.5,2013,12,4,1,Mega,Very High
2013-06-05,Just Dial Ltd,919.14,10.12,22.34,3.53,11.63,530.0,590.0,11.32,827.05,827.45,56.05,2013,6,2,1,Medium,Moderate
2013-04-01,Repco Home Finance Ltd,270.23,3.39,0.35,0.51,1.65,172.0,165.0,-4.07,388.55,388.9,125.9,2013,4,2,0,Small,Low
2013-02-20,V-Mart Retail Ltd,94.42,1.52,1.39,0.79,1.2,210.0,216.0,2.86,753.65,753.35,258.88,2013,2,1,1,Micro,Low
2012-12-28,Indus Towers Ltd,4172.76,2.84,0.29,0.19,1.3,220.0,200.0,-9.09,338.1,338.7,53.68,2012,12,4,0,Large,Low
2012-12-27,PC Jeweller Ltd,601.31,7.33,18.12,1.68,6.85,135.0,135.5,0.37,13.48,13.48,-90.01,2012,12,4,1,Medium,Moderate
2012-12-26,CARE Ratings Ltd,539.98,45.8,110.96,6.18,40.98,750.0,949.0,26.53,,,118.48,2012,12,4,1,Medium,High
2012-12-06,Tara Jewels Ltd,179.5,1.49,3.1,2.05,1.98,230.0,242.0,5.22,0.75,0.5,-99.67,2012,12,4,1,Small,Low
2012-07-18,VKS Projects Ltd,55.0,1.15,0.38,1.13,1.03,55.0,55.8,1.45,0.04,0.05,-99.93,2012,7,3,1,Micro,Low
2012-05-30,Speciality Restaurants Ltd,176.09,4.68,2.19,0.55,2.54,150.0,153.0,2.0,124.1,123.9,-17.27,2012,5,2,1,Small,Low
2012-05-09,Tribhovandas Bhimji Zaveri Ltd,200.0,1.29,1.91,0.68,1.15,120.0,115.0,-4.17,192.45,192.8,60.38,2012,5,2,0,Small,Low
2012-04-12,MT Educare Ltd,99.0,6.01,8.0,2.17,4.8,80.0,86.05,7.56,2.24,2.29,-97.2,2012,4,2,1,Micro,Low
2012-04-12,NBCC (India) Ltd,124.97,7.07,1.7,3.4,4.93,106.0,100.0,-5.66,108.0,108.0,1.89,2012,4,2,0,Small,Low
2012-03-09,Multi Commodity Exchange of India Ltd,663.31,49.12,150.35,24.14,54.13,,,34.4,,,684.91,2012,3,1,1,Medium,Very High
2011-11-02,Indo Thai Securities Ltd,29.6,0.0,0.02,3.35,1.18,74.0,75.0,1.35,170.1,169.75,129.86,2011,11,4,1,Micro,Low
2011-10-19,Flexituff Ventures International Ltd,104.63,0.51,2.35,1.6,1.17,155.0,155.0,0.0,22.8,23.0,-85.29,2011,10,4,0,Small,Low
2011-10-19,Taksheel Solutions Ltd,82.5,0.24,4.7,6.18,2.99,150.0,157.4,4.93,3.25,3.85,-97.83,2011,10,4,1,Micro,Low
2011-10-17,Onelife Capital Advisors Ltd,36.85,1.02,0.93,2.5,1.53,110.0,115.0,4.55,13.69,11.63,-87.55,2011,10,4,1,Micro,Low
2011-10-20,Ujaas Energy Ltd,93.0,1.03,1.56,2.35,1.57,186.0,180.0,-3.23,352.7,366.65,89.62,2011,10,4,0,Micro,Low
2011-10-04,Setubandhan Infrastructure Ltd,60.0,0.31,2.76,4.68,2.21,138.0,145.0,5.07,0.7,0.52,-99.49,2011,10,4,1,Micro,Low
2011-09-26,PG Electroplast Ltd,120.65,0.98,1.84,1.64,1.34,210.0,200.0,-4.76,518.8,518.1,147.05,2011,9,3,0,Small,Low
2011-09-08,TD Power Systems Ltd,227.0,6.52,0.38,0.38,2.92,256.0,251.6,-1.72,495.35,495.05,93.5,2011,9,3,0,Small,Low
2011-09-16,SRS Ltd,203.0,0.75,5.11,0.32,1.25,58.0,55.0,-5.17,0.19,0.15,-99.67,2011,9,3,0,Small,Low
2011-09-05,Brooks Laboratories Ltd,63.0,0.0,2.82,3.36,1.6,100.0,110.0,10.0,153.35,150.99,53.35,2011,9,3,1,Micro,Low
2011-08-26,Tree House Education & Accessories Ltd,112.06,1.02,1.68,2.76,1.85,135.0,132.8,-1.63,6.69,6.71,-95.04,2011,8,3,0,Small,Low
2011-08-12,L&T Finance Holdings Ltd,1245.0,1.93,6.18,9.61,5.34,52.0,51.0,-1.92,197.6,197.7,280.0,2011,8,3,0,Large,Moderate
2011-08-04,Inventure Growth & Securities Ltd,81.9,0.25,9.49,8.66,4.58,117.0,119.0,1.71,1.52,1.52,-98.7,2011,8,3,1,Micro,Low
2011-07-28,Bharatiya Global Infomedia Ltd,55.1,0.0,1.94,5.06,2.06,82.0,84.0,2.44,3.14,3.14,-96.17,2011,7,3,1,Micro,Low
2011-07-13,Kridhan Infra Ltd,34.75,0.03,1.37,4.18,1.68,108.0,115.0,6.48,4.0,4.07,-96.3,2011,7,3,1,Micro,Low
2011-07-07,Rushil Decor Ltd,40.64,0.23,1.35,6.57,2.62,72.0,81.25,12.85,22.85,22.8,-68.26,2011,7,3,1,Micro,Low
2011-06-22,Timbor Home Ltd,23.25,0.65,3.22,14.22,5.78,63.0,72.0,14.29,2.21,2.75,-96.49,2011,6,2,1,Micro,Moderate
2011-05-27,Power Finance Corporation Ltd,4578.2,6.92,1.2,2.0,4.34,203.0,197.6,-2.66,419.25,420.2,106.53,2011,5,2,0,Large,Low
2011-05-27,Dr. Datsons Labs Ltd,117.0,0.14,2.65,1.84,1.11,234.0,229.45,-1.94,6.29,6.4,-97.31,2011,5,2,0,Small,Low
2011-05-23,BF Industrial & Technologies Ltd,36.9,0.0,1.82,2.93,1.3,85.0,85.0,0.0,16.5,16.4,-80.59,2011,5,2,0,Micro,Low
2011-10-24,Vaswani Industries Ltd,49.0,0.16,11.29,6.83,4.16,49.0,33.45,-31.73,52.85,52.1,7.86,2011,10,4,0,Micro,Low
2011-05-12,Servalakshmi Paper Ltd,60.0,0.34,4.21,1.9,1.47,29.0,30.0,3.45,1.33,0.7,-95.41,2011,5,2,1,Micro,Low
2011-05-13,Innoventive Industries Ltd,217.41,0.85,1.94,1.48,1.24,117.0,110.0,-5.98,4.2,5.6,-96.41,2011,5,2,0,Small,Low
2011-05-10,Future Consumer Ltd,750.0,0.26,7.81,0.61,1.52,10.0,9.5,-5.0,0.45,0.44,-95.5,2011,5,2,0,Medium,Low
2011-05-09,Paramount Printpac Ltd,45.83,0.33,3.28,9.31,3.92,35.0,35.0,0.0,0.82,0.85,-97.66,2011,5,2,0,Micro,Low
2011-05-06,Muthoot Finance Ltd,901.25,25.01,60.94,8.5,24.55,175.0,180.0,2.86,,,,2011,5,2,1,Medium,High
2011-04-08,Shilpi Cable Technologies Ltd,55.88,1.04,6.39,5.74,3.48,69.0,78.35,13.55,1.1,1.15,-98.41,2011,4,2,1,Micro,Low
2011-03-30,PTC India Financial Services Ltd,433.28,2.85,0.22,1.18,1.7,28.0,28.0,0.0,38.95,38.92,39.11,2011,3,1,0,Small,Low
2011-03-24,Lovable Lingerie Ltd,93.28,21.87,99.87,20.84,35.21,205.0,261.5,27.56,91.91,91.46,-55.17,2011,3,1,1,Micro,High
2011-03-11,Fineotex Chemical Ltd,29.48,0.0,0.22,4.38,1.57,70.0,80.0,14.29,232.5,232.55,232.14,2011,3,1,1,Micro,Low
2011-03-10,AcroPetal Technologies Ltd,170.0,1.12,2.0,1.21,1.28,90.0,130.0,44.44,1.67,1.7,-98.14,2011,3,1,1,Small,Low
2011-03-11,Sudar Industries Ltd,69.98,0.17,4.47,2.28,1.55,77.0,74.0,-3.9,1.02,0.95,-98.68,2011,3,1,0,Micro,Low
2011-02-10,Omkar Speciality Chemicals Ltd,79.38,0.82,5.27,9.9,4.67,98.0,95.0,-3.06,7.73,7.53,-92.11,2011,2,1,0,Micro,Low
2011-02-02,Tata Steel Ltd,3477.0,10.41,7.21,1.6,6.03,610.0,630.15,3.3,160.55,160.74,-73.68,2011,2,1,1,Large,Moderate
2011-01-20,C Mahendra Exports Ltd,165.0,1.02,3.92,4.82,2.78,110.0,111.0,0.91,1.79,1.65,-98.37,2011,1,1,1,Small,Low
2010-12-30,Punjab & Sind Bank,480.0,49.8,85.84,44.45,50.75,120.0,146.1,21.75,28.16,28.15,-76.53,2010,12,4,1,Small,Very High
2010-12-23,A2Z Infra Engineering Ltd,776.25,0.68,3.12,0.33,0.96,400.0,390.0,-2.5,19.94,19.63,-95.02,2010,12,4,0,Medium,Low
2010-12-27,Ravikumar Distilleries Ltd,73.6,0.15,7.31,3.01,2.22,64.0,64.0,0.0,28.57,28.68,-55.36,2010,12,4,0,Micro,Low
2010-12-15,Shipping Corporation of India Ltd,1164.73,4.19,3.67,6.56,4.92,140.0,136.9,-2.21,206.55,206.71,47.54,2010,12,4,0,Large,Low
2010-12-15,MOIL Ltd,1237.51,49.16,143.3,32.86,56.43,375.0,551.0,46.93,321.8,322.4,-14.19,2010,12,4,1,Large,Very High
2010-12-06,RPP Infra Projects Ltd,48.75,0.16,7.27,5.6,2.97,75.0,75.0,0.0,116.3,116.49,55.07,2010,12,4,0,Micro,Low
2010-11-25,Power Grid Corporation of India Ltd,7442.34,115.9,40.34,6.77,64.82,90.0,95.0,5.56,285.75,286.2,217.5,2010,11,4,1,Mega,Very High
2010-11-16,Gravita India Ltd,45.0,6.04,182.52,37.34,42.88,125.0,218.75,75.0,,,,2010,11,4,1,Micro,High
2010-11-04,Coal India Ltd,15199.4,24.7,25.4,2.31,15.28,245.0,287.75,17.45,385.0,385.0,57.14,2010,11,4,1,Mega,Moderate
2010-10-27,Shah Metacorp Ltd,54.67,1.54,33.44,8.0,8.59,71.0,76.6,7.89,3.57,3.58,-94.97,2010,10,4,1,Micro,Moderate
2010-10-27,Prestige Estates Projects Ltd,1200.0,4.32,0.24,0.08,2.26,183.0,190.0,3.83,,,790.25,2010,10,4,1,Large,Low
2010-10-27,BS Ltd,190.45,0.52,3.16,1.04,1.1,248.0,251.0,1.21,0.33,0.3,-99.87,2010,10,4,1,Small,Low
2010-10-20,Oberoi Realty Ltd,1028.61,22.15,3.61,0.94,12.13,260.0,280.0,7.69,,,518.23,2010,10,4,1,Large,Moderate
2010-10-18,Jupiter Wagons Ltd,172.41,3.68,0.34,0.38,2.07,127.0,122.8,-3.31,329.2,329.0,159.21,2010,10,4,0,Small,Low
2010-10-14,Bedmutha Industries Ltd,91.8,0.67,29.19,8.51,7.69,102.0,114.4,12.16,140.2,140.15,37.45,2010,10,4,1,Micro,Moderate
2010-10-14,Ashoka Buildcon Ltd,225.0,25.52,13.91,3.46,15.94,324.0,333.55,2.95,185.2,185.15,-42.84,2010,10,4,1,Small,Moderate
2010-10-12,Tecpro Systems Ltd,267.91,27.99,62.48,9.07,24.47,355.0,399.4,12.51,4.53,5.75,-98.72,2010,10,4,1,Small,High
2010-10-13,Va Tech Wabag Ltd,472.59,36.13,100.98,8.55,36.22,,,26.34,,,16.18,2010,10,4,1,Small,High
2010-10-12,Cantabil Retail India Ltd,105.0,1.71,3.83,2.63,2.35,135.0,133.8,-0.89,248.2,248.65,83.85,2010,10,4,0,Small,Low
2010-10-08,Orient Green Power Company Ltd,900.0,2.09,0.64,0.18,1.07,47.0,45.7,-2.77,13.25,13.26,-71.81,2010,10,4,0,Medium,Low
2010-10-08,Ramky Infrastructure Ltd,530.0,4.52,1.45,0.99,2.89,450.0,450.0,0.0,556.0,557.3,23.56,2010,10,4,0,Medium,Low
2010-10-08,ESL Steel Ltd,248.07,5.86,28.58,6.19,8.23,11.0,12.35,12.27,31.05,31.0,182.27,2010,10,4,1,Small,Moderate
2010-10-05,Sastasundar Ventures Ltd,147.5,5.91,35.88,11.04,12.2,118.0,135.1,14.49,288.0,289.0,144.07,2010,10,4,1,Small,Moderate
2010-10-06,Eros International Media Ltd,350.0,25.79,73.4,11.95,26.51,175.0,213.35,21.91,7.89,7.81,-95.49,2010,10,4,1,Small,High
2010-10-06,CP Capital Ltd,115.0,47.45,101.93,31.74,47.39,310.0,461.0,48.71,162.7,161.95,-47.52,2010,10,4,1,Small,High
2010-09-29,Indosolar Limited,357.0,1.44,1.3,1.81,1.55,29.0,29.75,2.59,377.9,378.2,,2010,9,3,1,Small,Low
2010-09-09,Gujarat Pipavav Port Limited,553.85,13.2,85.7,9.15,19.94,46.0,56.25,22.28,157.0,157.4,241.3,2010,9,3,1,Medium,Moderate
2010-08-25,Prakash Steelage Limited,68.75,1.27,10.91,6.62,4.53,110.0,118.55,7.77,5.74,5.76,-94.78,2010,8,3,1,Micro,Low
2010-08-18,Bajaj Consumer Care Limited,297.0,20.19,53.49,6.62,19.29,660.0,730.0,10.61,228.15,226.61,-65.43,2010,8,3,1,Small,Moderate
2010-08-16,Bharat Financial Inclusion Limited,1628.78,20.38,18.26,2.81,13.69,985.0,,5.18,898.2,898.0,-8.81,2010,8,3,1,Large,Moderate
2010-08-12,Engineers India Limited,959.35,23.43,5.85,2.99,13.36,290.0,315.0,8.62,200.9,200.91,-30.72,2010,8,3,1,Medium,Moderate
2010-07-21,Hindustan Media Ventures Limited,270.0,8.98,3.39,1.0,5.43,166.0,170.0,2.41,86.02,86.5,-48.18,2010,7,3,1,Small,Moderate
2010-07-16,Technofab Engineers Limited,71.66,4.28,48.85,10.03,12.78,240.0,265.0,10.42,6.85,6.15,-97.15,2010,7,3,1,Micro,Moderate
2010-07-28,Shri Aster Silicates Limited,53.1,0.01,12.46,7.41,4.47,118.0,127.7,8.22,1.28,1.4,-98.92,2010,7,3,1,Micro,Low
2010-07-01,Parabolic Drugs Limited,200.0,1.48,1.2,0.4,1.04,75.0,76.0,1.33,5.7,5.5,-92.4,2010,7,3,1,Small,Low
2010-06-11,Standard Chartered (India) Limited,2486.35,4.15,1.9,0.25,2.2,104.0,105.0,0.96,36.2,36.35,-65.19,2010,6,2,1,Large,Low
2010-05-21,Jaypee Infratech Limited,2257.6,1.77,1.15,0.61,1.24,102.0,93.0,-8.82,1.27,1.25,-98.75,2010,5,2,0,Large,Low
2010-05-20,SJVN Limited,1062.51,9.03,3.39,3.12,6.64,26.0,28.0,7.69,97.85,97.66,276.35,2010,5,2,1,Large,Moderate
2010-05-19,GB Global Limited,107.9,7.97,10.52,2.81,6.32,130.0,132.7,2.08,9.8,9.3,-92.46,2010,5,2,1,Small,Moderate
2010-05-18,Tarapur Transformers Limited,63.75,0.03,5.08,2.74,1.74,75.0,75.0,0.0,24.74,24.9,-67.01,2010,5,2,0,Micro,Low
2010-05-13,Satchmo Holdings Limited,405.0,2.54,0.22,0.16,1.16,54.0,50.0,-7.41,3.8,1.6,-92.96,2010,5,2,0,Small,Low
2010-05-10,Talwalkars Better Value Fitness Limited,77.44,35.43,51.48,8.43,28.39,128.0,138.0,7.81,1.45,1.45,-98.87,2010,5,2,1,Micro,High
2010-04-16,Goenka Diamond & Jewellery Limited,126.51,0.78,3.0,0.66,1.07,135.0,130.0,-3.7,0.82,0.82,-99.39,2010,4,2,0,Small,Low
2010-04-12,Intrasoft Technologies Limited,53.65,21.97,21.6,13.51,18.95,145.0,140.0,-3.45,96.25,96.3,-33.62,2010,4,2,0,Micro,Moderate
2010-04-09,Shree Ganesh Jewellery House (I) Limited,371.02,1.38,6.13,1.39,1.96,260.0,258.85,-0.44,0.82,1.05,-99.68,2010,4,2,0,Small,Low
2010-04-06,Persistent Systems Limited,168.01,144.43,107.73,21.69,93.6,310.0,400.0,29.03,,,,2010,4,2,1,Small,Very High
2010-03-30,IL&FS Transportation Networks Limited,700.0,52.61,39.39,4.56,33.42,258.0,287.0,11.24,2.97,2.97,-98.85,2010,3,1,1,Medium,High
2010-04-05,Pradip Overseas Limited,116.6,8.57,45.35,10.53,14.08,110.0,120.0,9.09,1.14,1.15,-98.96,2010,4,2,1,Small,Moderate
2010-03-29,NMDC Limited,9967.3,2.28,0.22,0.22,1.25,300.0,295.7,-1.43,71.13,70.98,-76.29,2010,3,1,0,Mega,Low
2010-03-29,DQ Entertainment (International) Limited,128.16,93.86,272.88,19.45,86.33,80.0,135.0,68.75,1.03,0.85,-98.71,2010,3,1,1,Small,Very High
2010-03-18,United Bank of India,324.98,47.08,39.15,9.8,33.38,66.0,77.0,16.67,4.48,4.5,-93.21,2010,3,1,1,Small,High
2010-03-08,REC Limited,3529.94,39.3,27.12,7.68,27.91,203.0,230.0,13.3,387.6,387.75,90.94,2010,3,1,1,Large,High
2010-03-11,Man Infraconstruction Limited,141.75,96.06,104.57,10.26,62.53,252.0,335.0,32.94,164.9,164.88,-34.56,2010,3,1,1,Small,Very High
2010-03-10,Texmo Pipes and Products Limited,45.0,1.02,30.5,7.26,7.48,90.0,101.5,12.78,56.91,57.41,-36.77,2010,3,1,1,Micro,Moderate
2010-02-25,Hathway Cable & Datacom Limited,666.0,1.43,4.29,0.28,1.36,240.0,246.0,2.5,14.35,14.33,-94.02,2010,2,1,1,Medium,Low
2010-03-03,ARSS Infrastructure Projects Limited,103.0,49.34,124.53,18.55,47.62,450.0,640.0,42.22,54.6,54.18,-87.87,2010,3,1,1,Small,High
2010-02-19,NTPC Limited,8478.75,2.18,0.43,0.16,1.2,201.0,204.0,1.49,338.75,339.25,68.53,2010,2,1,1,Mega,Low
2010-02-24,Emmbi Industries Limited,38.96,0.43,5.55,0.46,1.2,45.0,45.5,1.11,105.05,104.34,133.44,2010,2,1,1,Micro,Low
2010-02-24,Valor Estates Limited,1500.0,4.47,4.25,0.37,2.95,468.0,430.0,-8.12,179.9,179.06,-61.56,2010,2,1,0,Large,Low
2010-02-19,Thangamayil Jewellery Limited,28.75,0.52,1.52,2.26,1.12,75.0,70.0,-6.67,,,,2010,2,1,0,Micro,Low
2010-02-15,Syncom Healthcare Limited,56.25,0.99,16.6,6.25,5.17,75.0,88.0,17.33,4.12,4.2,-94.51,2010,2,1,1,Micro,Moderate
2010-02-15,Vascon Engineers Limited,178.2,1.12,3.65,0.62,1.22,165.0,170.0,3.03,49.15,49.22,-70.21,2010,2,1,1,Small,Low
2010-02-23,Aqua Logistics Limited,150.0,0.26,5.07,3.0,1.94,220.0,219.4,-0.27,1.36,1.4,-99.38,2010,2,1,0,Small,Low
2010-02-08,Jubilant Foodworks Limited,328.72,59.39,51.95,3.79,31.11,145.0,161.6,11.45,635.05,635.5,337.97,2010,2,1,1,Small,High
2010-02-03,Infinite Computer Solutions Limited,189.8,48.44,106.02,11.08,43.22,165.0,178.35,8.09,473.75,473.75,187.12,2010,2,1,1,Small,High
2010-01-06,D B Corp Limited,384.22,68.52,26.17,3.42,39.54,212.0,250.0,17.92,274.75,273.0,29.6,2010,1,1,1,Small,High
2010-01-05,Godrej Properties Limited,468.85,7.45,0.41,0.38,4.0,490.0,510.0,4.08,,,299.35,2010,1,1,1,Small,Low
2010-01-04,JSW Energy Limited,2700.0,2.88,0.15,0.4,1.68,100.0,102.0,2.0,536.3,536.4,436.3,2010,1,1,1,Large,Low
2010-01-11,MBL Infrastructure Limited,102.6,3.35,2.65,0.4,1.97,180.0,190.0,5.56,40.75,40.78,-77.36,2010,1,1,1,Small,Low
