Date,IPO_Name,Issue_Size(crores),QIB,HNI,RII,Total,Offer Price,List Price,Listing Gain,CMP(BSE),CMP(NSE),Current Gains
05-14-26,Bagmane Prime Offi...,3405,17.09,15.79,0.00 ,16.5,100,103.4,3.4,103.92,103.97,3.92
05-08-26,Onemi Technology S...,925.92,24.87,6.57,2.03 ,9.5,171,191,11.7,231.7,231.74,35.5
04-29-26,Citius Transnet In...,1105,8.54,11.77,0.00 ,10.01,100,104.5,4.5,105.87,106.04,5.87
04-17-26,Om Power Transmiss...,150.06,3.65,7.06,1.54 ,3.33,175,181.1,3.49,190.8,190.74,9.03
04-02-26,Sai Parenteral's L...,408.79,1.71,2.36,0.12 ,1.05,392,405,3.32,487.1,486.7,24.26
04-02-26,Powerica Ltd,1100,4.5,0.44,0.15 ,1.45,395,375,-5.06,552.75,551.7,39.94
04-02-26,Amir Chand Jagdish...,440,1.11,12.71,1.36 ,3.23,212,195,-8.02,127.15,127.14,-40.02
03-30-26,Central Mine Plann...,1841.45,3.48,0.35,0.33 ,1.05,172,162.8,-5.35,234.15,234.17,36.13
03-24-26,GSP Crop Science L...,400,2.66,3.05,0.40 ,1.61,320,332.3,3.84,444.4,445.4,38.88
03-24-26,RaajMarg Infra Inv...,6000,11.61,2.55,0.00 ,7.49,100,108,8,111,110.99,11
03-23-26,Innovision Ltd,319.25,13.75,8.26,0.58 ,3.32,519,466,-10.21,306.15,306.35,-41.01
03-19-26,Rajputana Stainles...,254.98,2.51,2.59,0.27 ,1.12,122,123.95,1.6,130.7,130.97,7.13
03-11-26,Sedemac Mechatroni...,1087.35,8.46,0.77,0.20 ,2.68,1352,1510,11.69,1983.2,1983.3,46.69
03-05-26,Omnitech Engineeri...,583,2.86,0.73,0.33 ,1.14,227,205,-9.69,447.7,448.6,97.22
03-04-26,PNGS Reva Diamond ...,379.52,1.04,1.54,1.29 ,1.23,386,372,-3.63,407.15,407.65,5.48
03-02-26,Clean Max Enviro E...,3083.83,2.83,0.54,0.06 ,0.94,1053,952.2,-9.57,1120.6,1120,6.42
03-02-26,Shree Ram Twistex ...,110.24,3.94,220.3,76.63 ,43.66,104,70,-32.69,43.79,43.86,-57.89
02-27-26,Gaudium IVF and Wo...,165,1.62,14.03,7.55 ,7.25,79,83,5.06,115.05,115.07,45.63
02-16-26,Aye Finance Ltd,1010,1.5,0.05,0.77 ,0.97,129,129,0,140.1,140.43,8.6
02-16-26,Fractal Analytics ...,2833.9,4.18,1.06,1.03 ,2.66,900,900,0,916.95,917.5,1.88
01-28-26,Shadowfax Technolo...,1907.27,3.81,0.84,2.31 ,2.72,124,113,-8.87,201.45,201.28,62.46
01-21-26,Amagi Media Labs L...,1788.62,33.77,37.36,9.31 ,30.22,361,317,-12.19,394,393.45,9.14
01-19-26,Bharat Coking Coal...,1071.11,310.81,258.02,49.25 ,146.8,23,45.21,96.57,36.23,36.15,57.52
12-30-25,Gujarat Kidney & S...,250.8,1.06,5.73,19.04 ,5.21,114,120.75,5.92,142.95,143.27,25.39
12-23-25,KSH International ...,644.45,1.06,0.42,0.86 ,0.83,384,370,-3.65,711.65,712.45,85.33
12-19-25,ICICI Prudential A...,10602.7,123.87,22.04,2.53 ,39.17,2165,2606.2,20.38,3230.95,3229.8,49.24
12-17-25,Nephrocare Health ...,871.05,27.47,24.27,2.31 ,13.96,460,491.7,6.89,607.5,607.5,32.07
12-17-25,Park Medi World Lt...,920,11.48,15.15,3.16 ,8.1,162,155.6,-3.95,259.45,259.19,60.15
12-15-25,Wakefit Innovation...,1288.89,3.04,1.05,3.17 ,2.52,195,0,#VALUE!,134.2,134.51,-31.18
12-15-25,Corona Remedies Lt...,655.37,278.52,208.88,28.73 ,137.04,1062,1452,36.72,1682.3,1684.6,58.41
12-10-25,Aequs Ltd,922.01,120.92,80.62,78.05 ,101.63,124,140,12.9,212.4,212.48,71.29
12-10-25,Meesho Ltd,5421.2,120.18,38.15,19.04 ,79.02,111,161.2,45.23,199.15,199.01,79.41
12-10-25,Vidya Wires Ltd,300.01,5.12,51.98,27.86 ,26.59,52,52.13,0.25,88.96,88.79,71.08
11-28-25,Sudeep Pharma Ltd,895,213.08,116.72,15.65 ,93.72,593,733.95,23.77,671.65,673.35,13.26
11-26-25,Excelsoft Technolo...,500,47.55,101.69,15.62 ,43.19,120,135,12.5,98.51,98.38,-17.91
11-21-25,Capillary Technolo...,877.5,57.27,69.84,15.82 ,52.95,577,560,-2.95,516.15,516.3,-10.55
11-20-25,Fujiyama Power Sys...,828,5.15,0.88,1.00 ,2.14,228,218.4,-4.21,270.1,270.3,18.46
11-19-25,Tenneco Clean Air ...,3600,166.42,40.74,5.11 ,58.83,397,498,25.44,594,594.15,49.62
11-18-25,Physicswallah Ltd,3480,2.7,0.48,1.06 ,1.81,109,143.1,31.28,109.85,109.62,0.78
11-18-25,Emmvee Photovoltai...,2900,1.26,0.3,1.10 ,0.97,217,217,0,264.05,264.3,21.68
11-14-25,Pine Labs Ltd,3899.91,4,0.29,1.20 ,2.46,221,242,9.5,142.8,142.84,-35.38
11-12-25,Billionbrains Gara...,6632.3,22.02,14.2,9.43 ,17.6,100,114,14,187.8,187.79,87.8
11-10-25,Lenskart Solutions...,7278.02,40.35,18.23,7.54 ,28.26,402,390,-2.99,513.8,513.95,27.81
11-07-25,Studds Accessories...,455.49,159.99,76.99,22.09 ,73.25,585,570,-2.56,446.55,447.7,-23.67
11-06-25,Orkla India Ltd,1667.54,117.63,54.42,7.05 ,48.73,730,751.5,2.95,632.95,634.2,-13.29
10-24-25,Midwest Ltd,451,139.87,168.07,24.26 ,87.89,1065,1165.1,9.4,1316.1,1316.8,23.58
10-17-25,Canara HSBC Life I...,2517.5,7.05,0.33,0.42 ,2.29,106,106,0,139.1,139.05,31.23
10-16-25,Canara Robeco Asse...,1326.13,25.92,6.45,1.91 ,9.74,266,280.25,5.36,239.75,239.4,-9.87
10-16-25,Rubicon Research L...,1377.5,130.26,97.61,35.47 ,103.9,485,620.1,27.86,951.2,949.75,96.12
10-14-25,LG Electronics Ind...,11607,166.51,22.44,3.54 ,54.02,1140,1715,50.44,1489.75,1490.5,30.68
10-16-25,Anantam Highways T...,400,2.49,7.29,0.00 ,4.67,100,103.02,3.02,105.5,105.37,5.5
10-13-25,Tata Capital Ltd,15511.9,3.42,1.98,1.10 ,1.95,326,330,1.23,299.95,299.7,-7.99
10-10-25,Wework India Manag...,3000,1.79,0.23,0.61 ,1.15,648,0,#VALUE!,566,565.1,-12.65
10-08-25,Advance Agrolife L...,192.86,27.31,175.3,23.06 ,56.85,100,113,13,104.75,104.34,4.75
10-07-25,Fabtech Technologi...,230.35,2.02,1.97,2.08 ,2.03,191,191,0,151.15,151.14,-20.86
10-07-25,Glottis Ltd,307,1.87,2.97,1.42 ,2.05,129,88,-31.78,69.11,69.43,-46.43
10-08-25,Om Freight Forward...,122.31,3.97,7.39,2.75 ,3.87,135,82.5,-38.89,88.58,89.06,-34.39
10-06-25,Pace Digitek Ltd,819.35,1.6,2.9,1.03 ,1.59,219,226.85,3.58,190.1,190.26,-13.2
10-03-25,Jinkushal Industri...,116.15,35.66,146.39,47.10 ,65.1,121,125,3.31,86,84.47,-28.93
10-03-25,TruAlt Bioenergy L...,839.28,159.22,98.56,11.00 ,71.92,496,550,10.89,495,495.1,-0.2
10-01-25,Jain Resource Recy...,1250,25.29,5.3,3.62 ,15.9,232,265.25,14.33,385.6,384.85,66.21
10-01-25,EPack Prefab Techn...,504,5.1,3.68,1.69 ,3.07,204,186.1,-8.77,189.35,189.38,-7.18
10-01-25,BMW Ventures Ltd,231.66,3.09,3.03,0.99 ,1.5,99,80,-19.19,60.92,60.8,-38.46
09-30-25,Anand Rathi Share ...,745,43.8,28.6,4.78 ,20.66,414,432.1,4.37,527.35,527.5,27.38
09-30-25,Seshaasai Technolo...,813.07,189.63,49.89,9.17 ,68.13,423,436,3.07,264.5,265.9,-37.47
09-30-25,Solarworld Energy ...,490,70.43,64.73,49.15 ,65.01,351,389,10.83,221.4,221.06,-36.92
09-30-25,Jaro Institute of ...,450,35.35,35.48,8.71 ,22.06,890,890,0,581.8,581.05,-34.63
09-29-25,Atlanta Electrical...,687.85,194.92,54.2,10.42 ,70.63,754,858.1,13.81,1667.35,1668.8,121.13
09-29-25,Ganesh Consumer Pr...,408.8,4.18,4.34,1.15 ,2.67,322,295,-8.39,209.25,209.33,-35.02
09-26-25,GK Energy Ltd,464.26,186.29,122.73,20.79 ,89.62,153,165,7.84,125.65,125.56,-17.88
09-26-25,Saatvik Green Ener...,900,10.84,10.04,2.66 ,6.57,465,460,-1.08,431.2,432.3,-7.27
09-25-25,Ivalue Infosolutio...,560.29,3.18,1.26,1.28 ,1.82,299,285,-4.68,243.55,244.55,-18.55
09-24-25,VMS TMT Ltd,148.5,120.8,227.09,47.88 ,102.26,99,105,6.06,47.81,47.77,-51.71
09-23-25,Euro Pratik Sales ...,451.31,1.05,1.92,1.23 ,1.34,247,273.45,10.71,257.75,259.6,4.35
09-17-25,Dev Accelerator Lt...,143.35,20.3,87.97,164.72 ,63.97,61,61.3,0.49,39.29,39.05,-35.59
09-17-25,Shringar House of ...,400.95,101.41,82.58,27.22 ,60.29,165,187.7,13.76,213.3,212.66,29.27
09-17-25,Urban Company Ltd,1900,140.2,74.04,39.25 ,103.63,103,161,56.31,120.05,120.03,16.55
09-09-25,Amanta Healthcare ...,126,35.86,209.42,54.98 ,82.61,126,134,6.35,129.05,130.09,2.42
09-03-25,Anlon Healthcare L...,121.03,1.07,10.61,47.29 ,7.12,91,91,0,13.89,13.91,-84.74
09-03-25,Vikran Engineering...,772,19.45,58.58,10.97 ,23.59,97,99.7,2.78,64.8,64.8,-33.2
08-28-25,Mangal Electrical ...,400,10.54,18.79,4.84 ,9.46,561,558,-0.53,315.65,315.85,-43.73
08-26-25,Gem Aromatics Ltd,451.25,55.28,45.06,10.31 ,30.27,325,325,0,156.45,157.1,-51.86
08-26-25,Shreeji Shipping G...,410.71,110.41,72.7,21.94 ,58.1,252,271.85,7.88,453.65,450.1,80.02
08-26-25,Patel Retail Ltd,242.76,272.43,108.18,42.49 ,95.7,255,305,19.61,198.05,198.24,-22.33
08-26-25,Vikram Solar Ltd,2079.37,142.79,50.9,7.65 ,54.63,332,340,2.41,200,199.82,-39.76
08-20-25,Regaal Resources L...,306,190.97,356.73,57.75 ,159.88,102,141.8,39.02,86.85,87.42,-14.85
08-19-25,Bluestone Jeweller...,1540.65,4.28,0.55,1.35 ,2.7,517,508.8,-1.59,474.75,474.5,-8.17
08-14-25,JSW Cement Ltd,3600,15.8,10.97,1.81 ,7.77,147,153,4.08,137.9,137.99,-6.19
08-14-25,All Time Plastics ...,400.6,10.15,13.47,5.14 ,8.34,275,314.3,14.29,245.8,243.36,-10.62
08-12-25,Highway Infrastruc...,130,420.57,447.32,155.58 ,300.61,70,117,67.14,48.95,48.25,-30.07
08-18-25,Knowledge Realty T...,4800,6.75,15.51,0.00 ,10.73,100,104,4,116.84,116.67,16.84
08-06-25,M & B Engineering Ltd,650,36.72,38.24,32.55,36.2,385,386,0.26,426.85,426.15,10.87
08-06-25,Sri Lotus Developers & Realty Ltd,792,163.9,57.71,20.28,69.14,150,179.1,19.4,201.1,199.72,34.07
08-06-25,National Securities Depository Ltd (NSDL),"4,011.60",103.97,34.98,7.73,41.01,800,880,10,"1,294.05",61.76,
08-05-25,Aditya Infotech Ltd,"1,300",133.21,72,50.87,100.69,675,"1,018.00",50.81,"1,064.60","1,062.70",57.72
08-05-25,Laxmi India Finance Ltd,254.26,1.3,1.84,2.22,1.87,158,136,-13.92,149,150,-5.7
08-01-25,Shanti Gold International Ltd,360.11,117.33,151.48,30.37,81.17,199,229.1,15.13,254,255.9,27.64
07-31-25,Brigade Hotel Ventures Limited,759.6,5.42,1.92,6.4,4.48,90,82,-8.89,85.95,86,-4.5
07-30-25,GNG Electronics Limited,460.44,266.21,227.67,46.84,147.93,237,350,47.68,321.2,321.95,35.53
07-30-25,Indiqube Spaces Limited,700,14.35,8.27,12.9,12.41,237,218.7,-7.72,216.3,216.33,-8.73
07-21-25,Anthem Biosciences Limited,3395,182.65,42.36,5.64,63.86,570,723.1,26.86,753.15,754.8,32.13
07-17-25,Smartworks Coworking Limited,582.56,24.41,22.78,3.53,13.45,407,436.1,7.15,462.3,461.2,13.59
07-14-25,Travel Food Services Limited,2000,7.7,1.58,0.69,2.88,"1,100.00","1,126.20",2.38,"1,148.15","1,148.00",4.38
07-09-25,Crizac Limited,860,134.35,76.15,10.24,59.82,245,280,14.29,298.35,299.5,21.78
07-03-25,Indogulf Cropsciences Limited,200,33.26,48.39,14.78,25.98,111,111,0,106.9,106.88,-3.69
07-02-25,HDB Financial Services Limited,12500,55.47,9.99,1.41,16.69,740,835,12.84,741.9,741.65,0.26
07-02-25,Sambhv Steel Tubes Limited,540,62.32,31.82,7.99,28.46,82,110.1,34.27,120.8,120.61,47.32
07-01-25,Globe Civil Projects Limited,119,99.76,143.15,53.72,86.04,71,91.1,28.31,81.33,81.29,14.55
07-01-25,Kalpataru Limited,1590,3.12,1.31,1.29,2.26,414,414.1,0.02,408.7,408.25,-1.28
07-01-25,Ellenbarrie Industrial Gases Limited,852.53,64.23,15.21,2.14,22.19,400,492,23,522.4,520.75,30.6
06-25-25,Arisinfra Solutions Limited,499.6,1.42,3.14,5.59,2.65,222,209.1,-5.81,149.2,147.99,-32.79
06-20-25,Oswal Pumps Limited,1387.34,88.08,36.7,3.6,34.42,614,632,2.93,763.8,763.1,24.4
06-04-25,Scoda Tubes Limited,220,69.51,113.03,19.4,53.78,140,140,0,184.1,184.44,31.5
06-03-25,Prostarm Info Systems Limited,168,104.49,222.14,39.49,97.2,105,125,19.05,210.95,209.42,100.9
06-02-25,Aegis Vopak Terminals Limited,2800,3.3,0.56,0.77,2.09,235,220,-6.38,241.8,240.69,2.89
06-02-25,Schloss Bangalore Limited,3500,7.46,1.02,0.83,4.5,435,406.5,-6.55,438.45,438.3,0.79
05-28-25,Belrise Industries Limited,2150,108.35,38.33,4.27,41.3,90,98.5,9.44,137,136.18,52.22
05-27-25,Borana Weaves Limited,144.89,87.21,237.42,200.53,148.78,216,243,12.5,220.8,219.81,2.22
05-06-25,Ather Energy Limited,2980.8,1.7,0.66,1.78,1.43,321,326.05,1.57,411.55,410.4,28.21
02-24-25,Quality Power Electronics Limited,858.7,1.03,1.45,1.83,1.29,425,432.05,1.66,804.7,805.8,89.34
02-19-25,Hexaware Technologies Limited,8750,9.09,0.2,0.11,2.66,708,731,3.25,708.95,707.5,0.13
02-17-25,Ajax Engineering Limited,1268.88,14.41,6.46,1.92,6.44,629,593,-5.72,717.3,715.65,14.04
02-04-25,Dr Agarwal's Healthcare Limited,3027.26,4.64,0.4,0.41,1.55,402,396.9,-1.27,451.5,452.85,12.31
01-29-25,Denta Water & Infrastructure Limited,220.5,236.94,507.27,90.56,221.68,294,330,12.24,316.05,315,7.5
01-23-25,Stallion India Fluorochem Limited,199.45,172.93,422.42,96.89,188.37,90,120,33.33,123.8,122.86,37.56
01-20-25,Laxmi Dental Limited,698.06,110.38,147.95,76.24,114.42,428,528,23.36,398.05,400.4,-7
01-17-25,Capital Infra Trust,1578,0.58,4.24,0,2.23,99,99,0,78.98,78.99,-20.22
01-14-25,Quadrant Future Tek Limited,290,132.54,254.71,246.94,186.66,290,374,28.97,384.2,382.6,32.48
01-13-25,Standard Glass Lining Technology Limited,410.05,331.6,268.5,64.99,183.18,140,176,25.71,165.8,168,18.43
01-07-25,Indo Farm Equipment Limited,260.15,242.4,503.83,104.92,229.68,215,258.4,20.19,210.5,209.8,-2.09
12-31-24,Unimech Aerospace and Manufacturing Limited,500,317.63,263.78,56.74,175.31,785,"1,491.00",89.94,"1,097.00","1,099.90",39.75
12-30-24,Ventive Hospitality Limited,1600,9.08,13.85,5.87,9.8,643,718.15,11.69,744.25,741.15,15.75
12-30-24,Carraro India Limited,1250,2.21,0.6,0.71,1.12,704,660,-6.25,416.95,416.4,-40.77
12-30-24,Senores Pharmaceuticals Limited,582.11,94.66,96.11,89.23,93.41,391,593.7,51.84,660.55,661,68.94
12-27-24,Transrail Lighting Limited,838.91,201.06,76.41,22.07,80.8,432,585.15,35.45,787.2,782.85,82.22
12-27-24,Dam Capital Advisors Limited,840.25,166.33,98.62,27.13,82.08,283,392.9,38.83,219.7,218.93,-22.37
12-27-24,Mamata Machinery Limited,179.35,235.88,274.38,138.08,194.95,243,600,146.91,423.1,422.7,74.12
12-27-24,Sanathan Textiles Limited,550,75.62,42.21,8.93,35.12,321,419.1,30.56,460.4,458.35,43.43
12-27-24,Concord Enviro Systems Limited,500.33,17.32,14.2,5.56,10.67,701,832,18.69,537.35,541.1,-23.35
12-20-24,International Gemmological Institute (India) Limited,4225,45.8,24.84,11.21,33.78,417,504.85,21.07,336.9,337.35,-19.21
12-19-24,Inventurus Knowledge Solutions Limited,2497.92,80.64,23.25,14.55,52.68,"1,329.00","1,856.00",39.65,"1,582.55","1,578.20",19.08
12-18-24,Vishal Mega Mart Limited,8000,80.75,14.25,2.31,27.28,78,110,41.03,142.2,141.26,82.31
12-18-24,One Mobikwik Systems Limited,572,119.5,108.95,134.67,119.38,279,442.25,58.51,230.35,229.41,-17.44
12-18-24,Sai Life Sciences Limited,3042.62,30.93,4.92,1.37,10.26,549,660,20.22,884.1,878.1,61.04
12-06-24,Suraksha Diagnostic Limited,846.25,1.74,1.41,0.95,1.27,441,437,-0.91,297.55,298.05,-32.53
11-29-24,Enviro Infra Engineers Limited,650.3,157.05,153.8,24.48,89.9,148,218,47.3,247,246.45,66.89
11-27-24,NTPC Green Energy Limited,10000,3.32,0.81,3.44,2.42,108,111.6,3.33,103.6,103.4,-4.07
11-22-24,Zinka Logistics Solution Limited (BlackBuck),1114.72,2.76,0.24,1.66,1.86,273,279.05,2.22,537.15,536,96.76
11-14-24,Niva Bupa Health Insurance Company Limited,2200,2.06,0.68,2.73,1.8,74,78.5,6.08,80.43,80.18,8.69
11-13-24,Swiggy Limited,11327.4,6.02,0.41,1.14,3.59,390,412,5.64,399.45,396.55,2.42
11-13-24,ACME Solar Holdings Limited,2900,3.54,0.97,3.1,2.75,289,259,-10.38,276.35,278.25,-4.38
11-12-24,Sagility India Limited,2106.4,3.52,1.93,4.16,3.2,30,31.06,3.53,44.73,44.46,49.1
11-04-24,Afcons Infrastructure Limited,5430,3.79,5.05,0.94,2.63,463,430.05,-7.12,422,422.3,-8.86
10-30-24,Godavari Biorefineries Limited,554.75,2.76,0.9,1.71,1.83,352,310.55,-11.78,284,287.45,-19.32
10-28-24,Deepak Builders & Engineers India Limited,260.04,13.91,82.47,39.79,41.54,203,198.5,-2.22,132.2,132.68,-34.88
10-28-24,Waaree Energies Limited,4321.44,208.63,62.49,10.79,76.34,"1,503.00","2,550.00",69.66,"3,171.10","3,162.30",110.98
10-22-24,Hyundai Motor India Limited,27858.8,6.97,0.6,0.5,2.37,"1,960.00","1,931.00",-1.48,"2,234.75","2,225.10",14.02
10-15-24,Garuda Construction and Engineering Limited,264.1,1.24,9.03,10.81,7.55,95,103.2,8.63,171.4,170.33,80.42
10-04-24,Diffusion Engineers Limited,157.96,95.74,207.6,85.61,114.49,168,188,11.9,336.5,335.85,100.3
10-03-24,KRN Heat Exchanger and Refrigeration Limited,341.95,253.04,431.63,98.29,214.42,220,470,113.64,911.25,911,314.2
09-30-24,Manba Finance Limited,150.84,148.55,511.62,143.95,224.05,120,150,25,138.55,138.8,15.46
09-24-24,Arkade Developers Limited,410,163.16,163.02,51.39,106.83,128,175.9,37.42,190.6,190,48.91
09-24-24,Northern ARC Capital Limited,777,240.79,142.41,31.08,110.91,263,351,33.46,230.05,229.21,-12.53
09-24-24,Western Carriers Limited,492.88,27.99,44.71,25.95,30.57,172,170,-1.16,120,120,-30.23
09-17-24,P N Gadgil Jewellers Limited,1100,136.85,56.08,16.58,59.4,480,834,73.75,554.1,553.05,15.44
09-16-24,Tolins Tyres Limited,230,25.42,27.41,21.52,23.89,226,227,0.44,155,154.7,-31.42
09-16-24,Bajaj Housing Finance Limited,6560,209.36,41.51,7.04,63.61,70,150,114.29,113.2,113.02,61.71
09-16-24,Kross Limited,500,23.32,22.24,10.76,16.81,240,240,0,162.7,162.66,-32.21
09-12-24,Shree Tirupati Balajee Agro Trading Company Limited,169.65,150.87,210.12,73.22,124.75,83,92.9,11.93,50.37,50.03,-39.31
09-09-24,Gala Precision Engineering Limited,167.93,232.54,414.62,91.95,201.41,529,750.00,41.78,814.55,816.9,53.98
09-06-24,Baazar Style Retail Limited,834.68,81.83,59.43,9.12,40.66,389,389,0,315.2,313.7,-18.97
09-04-24,Ecos (India) Mobility & Hospitality Limited,601.2,136.85,71.23,19.79,64.26,334,391.3,17.16,293.25,298.15,-12.2
09-03-24,Premier Energies Limited,2830.4,216.67,50.04,7.69,74.38,450,991,120.22,"1,015.45","1,012.70",125.66
08-28-24,Orient Technologies Limited,214.76,189.9,300.6,66.87,151.71,206,290,40.78,319.05,317.4,54.88
08-26-24,Interarch Building Products Limited,600.29,205.41,128.42,19.11,93.53,900,"1,291.20",43.47,"2,217.00","2,183.00",146.33
08-20-24,Saraswati Saree Depot Limited,160.01,64.12,358.65,61.88,107.52,160,200,25,91.81,91.26,-42.62
08-13-24,Brainbees Solutions Limited,4193.73,19.3,4.68,2.31,12.22,465,625.00,34.41,373.65,373.85,-19.65
08-13-24,Unicommerce eSolutions Limited,276.57,138.75,252.48,131.15,168.39,108,230,112.96,124.35,123.1,15.14
08-09-24,Ola Electric Mobility Limited,6145.56,5.31,2.4,3.92,4.27,76,75.99,-0.01,39.99,39.9,-47.38
08-08-24,Ceigall India Limited,1252.66,31.5,14.42,3.77,13.78,401,413.00,2.99,247.25,247.52,-38.34
08-06-24,Akums Drugs and Pharmaceuticals Limited,1856.74,90.09,42.21,21.3,63.56,679,725,6.77,473,474.3,-30.34
07-26-24,Sanstar Limited,510.55,145.68,136.5,24.23,82.99,95,106.4,12,85.87,85.39,-9.61
07-10-24,Emcure Pharmaceuticals Limited,1952.03,195.83,48.32,7.21,67.87,"1,008.00","1,325.05",31.45,"1,390.50","1,395.00",37.95
07-10-24,Bansal Wire Industries Limited,745,146.05,51.46,13.64,59.57,256,352.05,37.52,366.15,365.05,43.03
07-03-24,Vraj Iron & Steel Limited,171,163.9,208.81,54.93,119.04,207,240,15.94,162,161.43,-21.74
07-02-24,Allied Blenders and Distillers Limited,1500,50.37,32.4,4.51,23.55,281,318.1,13.2,494.75,493,76.07
06-28-24,Stanley Lifestyles Limited,537.02,0.74,8.86,6.11,5.22,369,499,35.23,316.75,318.15,-14.16
04-25-24,Vodafone Idea Ltd ,18000,17.56,4.13,0.92,6.36,11,12,9.09,6.6,6.53,-40
04-12-24,Bharti Hexacom Ltd ,4275,48.57,10.52,2.83,29.88,570,755.2,32.49,"1,742.90","1,740.10",205.77
04-03-24,SRM Contractors Ltd ,130.2,59.59,214.94,46.97,86.57,210,225,7.14,476.55,474,126.93
03-21-24,Krystal Integrated Services Ltd ,300.12,7.33,43.91,3.32,13.21,715,795,11.19,625.8,611,-12.48
03-19-24,Popular Vehicles & Services Ltd ,601.55,1.97,0.66,1.05,1.23,295,292,-1.02,120,119.5,-59.32
03-14-24,Gopal Snacks Ltd,650,17.5,9.5,4.01,9.02,401,350,-12.72,371.25,371.95,-7.42
03-13-24,J.G.Chemicals Ltd ,251.19,32.09,46.33,17.44,27.78,221,211,-4.52,482.25,484.4,118.21
03-12-24,R K Swamy Ltd ,423.56,20.58,34.36,34.03,25.94,288,252,-12.5,155.8,155.28,-45.9
03-07-24,Mukka Proteins Ltd ,224,189.28,250.38,58.52,136.99,28,44,57.14,27.61,27.69,-1.39
03-12-24,Indus Infra Trust ,2499.99,8.92,6.93,0,8.01,100,101,1,111.53,111.3,11.53
03-05-24,Exicom Tele-Systems Ltd ,429,121.8,153.22,119.59,129.54,142,264,85.92,139.05,138.81,-2.08
03-05-24,Platinum Industries Ltd ,235.32,151,141.83,50.99,99.03,171,228,33.33,276.6,278,61.75
02-29-24,GPT Healthcare Ltd ,525.14,17.3,11.02,2.44,8.52,186,216.15,16.21,155,156,-16.67
02-28-24,Juniper Hotels Ltd ,1800,0,0.06,0.52,0.11,360,361.2,0.33,291.85,292.2,-18.93
02-20-24,Vibhor Steel Tubes Limited,72.17,178.73,721.34,188.17,298.86,151,421,178.81,158.2,155.6,4.77
02-16-24,Entero Healthcare Solutions Limited,1600,2.28,0.22,1.33,1.53,"1,258.00","1,245.00",-1.03,"1,205.20","1,196.40",-4.2
02-14-24,Jana Small Finance Bank Limited,570,38.75,25.05,5.46,18.5,414,396,-4.35,461,459.35,11.35
02-14-24,Capital Small Finance Bank Limited,523.07,6.64,4.05,2.49,4,468,435,-7.05,298.45,299,-36.23
02-14-24,Rashi Peripherals Limited,600,143.66,62.75,10.44,59.71,311,335,7.72,280.35,280.4,-9.86
02-12-24,Apeejay Surrendra Group (conglomerate),920,75.14,52.41,30.35,59.66,155,187,20.65,148.85,148.25,-3.97
02-06-24,BLS E-Services Limited,309.29,123.3,300.14,237,162.47,135,309,128.89,185.85,185.5,37.67
01-31-24,Nova Agritech Limited,143.81,79.31,224.08,77.12,109.37,41,56,36.59,50.4,50.14,22.93
01-30-24,Epack Durable Limited,640.05,25.5,28.1,6.29,16.37,230,225,-2.17,377.85,376.9,64.28
01-23-24,Medi Assist Healthcare Services Limited,1171.58,40.14,14.85,3.19,16.25,418,465,11.24,578,574.4,38.28
01-16-24,Jyoti CNC Automation Limited,1000,44.13,36.48,26.17,38.53,331,372,12.39,914.75,912,176.36
12-29-23,Innova Captab Limited,570,116.73,64.95,17.15,55.26,448,456.1,1.81,892.4,891,99.2
12-28-23,Azad Engineering Limited,740,179.66,87.61,23.79,80.65,524,710,35.5,"1,481.25","1,478.50",182.68
12-27-23,Happy Forgings Limited,1008.59,220.48,62.17,15.09,82.04,850,"1,001.25",17.79,960.65,956.65,13.02
12-27-23,Credo Brands Marketing Limited,549.78,104.95,55.52,19.94,51.85,280,282,0.71,120.1,120.2,-57.11
12-27-23,RBZ Jewellers Limited,100,13.43,9.27,24.74,16.86,100,100,0,141.35,138.39,41.35
12-26-23,Muthoot Microfin Limited,960,17.47,13.2,7.61,11.52,291,278,-4.47,146.1,147.59,-49.79
12-26-23,Motisons Jewellers Limited,151.09,157.4,233.91,122.28,159.61,55,103.9,88.91,18.57,18.43,-66.24
12-26-23,Suraj Estate Developers Limited,400,24.31,18.9,9.3,15.65,360,343.8,-4.5,286.1,283.95,-20.53
12-21-23,Inox India Limited,1459.32,147.8,53.2,15.3,61.28,660,933.15,41.39,"1,109.95","1,108.80",68.17
12-20-23,Doms Industries Limited,1200,115.97,66.51,69.67,93.52,790,"1,400.00",77.22,"2,551.35","2,553.90",222.96
12-20-23,India Shelter Finance Limited,1200,89.7,28.51,9.95,36.71,493,612.7,24.28,918.05,917.5,86.22
12-01-23,Flair Writing Instruments Limited,593,115.6,33.37,13.01,46.68,304,503,65.46,326.5,326.5,7.4
11-30-23,Tata Technologies Limited,3042.51,203.41,62.11,16.5,69.43,500,"1,199.95",139.99,669.25,664.75,33.85
11-30-23,Gandhar Oil Refineries Limited,500.69,129,62.23,28.95,64.07,169,295.4,74.79,149.55,149.59,-11.51
11-30-23,Fedbank Financial Services Limited,1092.26,3.51,1.45,1.82,2.2,140,137.75,-1.61,130.25,130,-6.96
11-29-23,Indian Renewable Energy Development Agency Limited (IREDA),2150.21,104.57,24.16,7.73,38.8,32,50,56.25,145,144.95,353.13
11-15-23,ASK Automotive Limited,833.91,142.41,35.47,5.7,51.14,282,304.9,8.12,465.1,465.15,64.93
11-13-23,Protean eGov Technologies Limited,489.95,46.94,31.62,8.93,23.86,792,792,0,719.8,722.85,-9.12
11-10-23,ESAF Small Finance Bank Limited,463,173.52,84.37,16.97,73.15,60,71.9,19.83,30.03,29.98,-49.95
11-07-23,Honasa Consumer Limited (Mamaearth),1701.44,11.5,4.02,1.35,7.61,324,324,0,265.55,267.25,-18.04
11-06-23,Cello World Limited,1900,108.57,24.42,3.06,38.9,648,831,28.24,563.9,562,-12.98
11-01-23,Blue Jet Healthcare Limited,840.27,13.72,13.59,2.24,7.95,346,359.9,4.02,780.55,782.75,125.59
10-26-23,IRM Energy Limited,544.36,44.73,48.34,9.29,27.05,505,479,-5.15,277,277.8,-45.15
10-12-23,Plaza Wires Limited,71.28,42.84,388.09,374.81,160.97,54,84,55.56,56.01,56.02,3.72
10-06-23,Valiant Laboratories Limited,152.46,20.83,73.64,16.06,29.76,140,161,15,95,94.2,-32.14
10-03-23,JSW Infrastructure Limited,2800,57.09,15.99,10.32,37.37,119,143,20.17,295.95,295.95,148.7
10-04-23,Updater Services Limited,640,4.48,0.85,1.39,2.9,300,299.9,-0.03,260,259.8,-13.33
10-03-23,Manoj Vaibhav Gems,270.2,1.06,5.18,1.66,2.25,215,215,0,205.7,205.77,-4.33
09-27-23,Signature Global India Limited,730,12.71,13.54,6.82,11.88,385,445,15.58,"1,113.75","1,112.50",189.29
09-27-23,Sai Silks (Kalamandir) Limited,1201,12.35,2.47,0.88,4.4,222,230.1,3.65,171.3,171.11,-22.84
09-28-23,Yatra Online Limited,775,2.05,0.42,2.11,1.61,142,130,-8.45,130.67,129.82,-7.98
09-22-23,Samhi Hotels Limited,1370.1,8.82,1.22,1.11,5.33,126,130.55,3.61,219.65,220.24,74.33
09-22-23,Zaggle Prepaid Ocean Limited,563.38,16.73,8.85,5.94,12.57,164,162,-1.22,376.8,376.8,129.76
09-20-23,R R Kabel Limited,1964.01,52.26,13.23,2.13,18.69,"1,035.00","1,179.00",13.91,"1,211.30","1,209.80",17.03
09-21-23,EMS Limited,321.25,0.67,29.73,16.62,15.05,211,281.55,33.44,580.5,580.2,175.12
09-18-23,Jupiter Life Line Limited,869.08,187.32,34.75,7.73,63.72,735,960,30.61,"1,406.65","1,408.00",91.38
09-11-23,Ratnaveer Precision Limited,165.03,133.05,135.21,54.01,93.99,98,128,30.61,138.5,138.79,41.33
09-11-23,Rishabh Instruments Limited,490.78,72.54,31.29,8.44,31.65,441,460,4.31,286.45,287.25,-35.05
09-05-23,Vishnu Prakash R P Limited,308.61,171.69,111.03,32.02,87.82,99,163.3,64.95,155.2,155.72,56.77
08-31-23,Aeroflex Industries Limited,351,194.73,126.13,34.41,97.11,108,197.4,82.78,180.75,180.5,67.36
08-29-23,Pyramid Technoplast Limited,153.05,9.94,32.24,14.72,18.29,166,185,11.45,160.45,160.75,-3.34
08-23-23,TVS Supply Chain Solutions Limited,880,1.35,2.35,7.61,2.78,197,206.3,4.72,132.4,132.39,-32.79
08-18-23,Concord Biotech Limited,1550.52,67.67,16.99,3.78,24.87,741,900.05,21.46,"1,624.00","1,617.60",119.16
08-16-23,SBFC Finance Limited,1025,192.9,49.09,10.99,70.16,57,81.99,43.84,104.4,104.25,83.16
08-07-23,Yatharth Hospital & Trauma Care Services Limited,686.55,85.1,37.22,8.34,36.16,300,304,1.33,717,717.5,139
07-27-23,Netweb Technologies India Limited,631,228.91,81.81,19.15,90.36,500,942.5,88.5,"2,111.50","2,115.00",322.3
07-21-23,Utkarsh Small Finance Bank Limited,500,124.85,81.64,72.11,101.91,25,39.95,59.8,20.75,20.7,-17
07-14-23,Senco Gold Limited,405,180.94,64.99,15.46,73.35,317,431,35.96,337,338.35,6.31
07-10-23,Cyient DLM Limited,592,90.44,45.05,49.22,67.31,265,401,51.32,430,428.7,62.26
07-07-23,Ideaforge Technologies Limited,567.25,125.81,80.58,85.2,106.06,672,"1,305.10",94.21,459.25,462,-31.66
07-04-23,HMA Agro Industries Limited,480,1.74,2.97,0.96,1.62,585,615,5.13,30.5,30.64,-94.79
06-16-23,IKIO Technologies Limited (formerly IKIO Lighting Limited),606.5,163.58,63.35,13.86,66.3,285,391,37.19,189.5,189.6,-33.51
05-19-23,Nexus Select Trust,3200,0,0,0,3.61,100,102.27,2.27,149.01,149.03,49.01
05-09-23,Mankind Pharma Limited,4326.36,49.16,3.8,0.92,15.32,"1,080.00","1,300.00",20.37,"2,447.30","2,442.30",126.6
04-18-23,Avalon Technologies Limited,865,3.57,0.41,0.84,2.21,436,431,-1.15,884.2,890,102.8
04-03-23,Udayshivakumar Infosolutions Limited,66,40.47,60.42,14.1,30.63,35,35,0,36,36.23,2.86
03-23-23,Global Surfaces Limited,154.98,8.95,33.1,5.12,12.21,140,163,16.43,122.9,123.42,-12.21
03-14-23,Divgi Torqtransfer Systems Limited,412.12,7.83,1.4,4.31,5.44,590,600,1.69,649.05,652.25,10.01
01-12-23,Sah Polymers Limited,66.3,2.4,32.69,39.78,17.46,65,85,30.77,114.5,115,76.15
01-04-23,Radiant Cash Management Services Limited,256.64,1.01,0.66,0.21,0.53,94,99.3,5.64,54.18,54.13,-42.36
12-30-22,Elin Electronics Limited,475,4.51,3.29,2.2,3.09,247,243,-1.62,171.9,170,-30.4
12-29-22,KFin Technologies Limited,1500,4.17,0.23,1.36,2.59,366,369,0.82,"1,088.35","1,095.30",197.36
12-23-22,Landmark Cars Limited,552,8.71,1.32,0.59,3.06,506,471.3,-6.86,491.95,490,-2.78
12-23-22,Abans Financial Services Limited,345.6,4.1,1.48,0.4,1.1,270,270,0,221.45,220.51,-17.98
12-22-22,Sula Vineyards Limited,960.35,4.13,1.51,1.65,2.33,357,358,0.28,250,249.9,-29.97
12-12-22,Uniparts India Limited,835.61,67.14,17.86,4.63,25.32,577,575,-0.35,390.9,390.6,-32.25
12-08-22,Dharmaj Crop Guard Limited,251.09,48.21,52.29,21.53,35.49,237,266,12.24,319.5,321,34.81
11-24-22,Keystone Realtors Limited,635,3.84,3.03,0.53,2.01,541,555,2.59,603.75,609,11.6
11-23-22,Inox Green Energy Limited,740,1.05,0.47,4.7,1.55,65,60.5,-6.92,160,160.73,146.15
11-22-22,Kaynes Technology India Limited,857.82,98.47,21.21,4.1,34.16,587,775,32.03,"5,855.85","5,865.00",897.59
11-21-22,Archean Chemical Industries Limited,1462.31,48.91,14.9,9.96,32.23,407,449,10.32,625,626.55,53.56
11-21-22,Five Star Business Finance Limited,1588.51,1.77,0.61,0.11,0.7,474,449.95,-5.07,575.9,577.45,21.5
11-16-22,Bikaji Foods International Limited,880.85,80.63,7.1,4.77,26.67,300,321.15,7.05,725.95,724.35,141.98
11-16-22,Global Health Limited,2205.57,28.64,4.02,0.88,9.58,336,398.15,18.5,"1,380.90","1,383.00",310.98
11-15-22,Fusion Finance Ltd,1103.99,8.59,1.38,0.51,2.95,368,360.5,-2.04,154.05,153.26,-58.14
11-11-22,DCX Systems Ltd,500,84.32,43.97,61.77,69.79,207,286.25,38.29,251.75,251.8,21.62
10-20-22,Tracxn Technologies,309.38,1.66,0.23,2.39,0.71,80,83,3.75,52.81,52.85,-33.99
10-17-22,Electronics Mart India,500,169.54,63.59,19.72,71.93,59,89.4,51.53,119.4,119.28,102.37
09-26-22,Harsha Engineers,755,178.26,40.36,12.44,47.19,330,444,34.55,415,414.8,25.76
09-15-22,Tamilnad Mercantile,807.84,1.62,2.94,6.48,2.86,510,510,0,429.5,429,-15.78
09-06-22,Dreamfolks Services,562.1,70.53,37.66,43.66,56.68,326,505,54.91,143.9,144.48,-55.86
08-26-22,Syrma SGS Technologies,840.13,87.56,7.13,2.84,15.59,220,262,19.09,699,701.55,217.73
06-03-22,Aether Industries,808.04,17.57,1.33,0.59,2.91,642,706.15,9.99,731.45,731.4,13.93
06-01-22,eMudhra Ltd,412.79,4.05,1.28,2.61,2.72,256,271,5.86,762,762,197.66
05-30-22,Ethos Limited,402.26,1.06,0.76,0.32,0.61,878,830,-5.47,"2,781.25","2,787.10",216.77
05-27-22,Paradeep Phosphates Limited,1501.73,3.01,0.32,0.8,0.83,42,43.55,3.69,218.45,217.73,420.12
05-24-22,Venus Pipes & Tubes Limited,165.42,12.02,6.59,11.12,8.69,326,335,2.76,"1,356.00","1,351.20",315.95
05-24-22,Delhivery Limited,5235,2.66,0.27,0.31,0.39,487,493,1.23,464.9,465.45,-4.54
05-20-22,Prudent Corporate Advisory Services Limited,537.94,1.26,0.74,0.61,0.81,630,660,4.76,"2,665.65","2,683.70",323.12
05-17-22,Life Insurance Corporation of India (LIC),20557.2,2.83,1.39,1.14,1.64,949,867.2,-8.62,918.7,918.2,-3.19
05-10-22,Rainbow Children’s Medicare Limited,1580.85,38.9,1.37,0.7,5.25,542,506,-6.64,"1,534.90","1,534.20",183.19
05-09-22,Campus Activewear (India) Limited,1399.6,152.04,10.68,4.73,28.55,292,355,21.58,260.6,260.15,-10.75
04-13-22,Hariom Pipe Industries Limited,130.05,1.91,2.68,6.92,3.57,153,214,39.87,513.3,514.15,235.49
04-11-22,Veranda Learning Solutions Limited,200,2.02,2.09,5.68,2.24,137,157,14.6,228.75,228.5,66.97
04-07-22,Uma Exports Limited,60,2.81,0.94,6.28,4.64,68,80,17.65,46.25,46.17,-31.99
04-08-22,Patanjali Foods Limited (formerly Ruchi Soya Industries Limited),4300,2.2,11.75,0.9,3.6,650,850,30.77,"1,811.90","1,806.50",178.75
02-16-22,Vedant Fashions Limited,3149.19,7.49,1.07,0.39,2.57,866,936,8.08,741.95,740.2,-14.32
02-08-22,AWL Agri Business Limited (formerly Adani Wilmar Limited),3600,5.73,56.3,3.92,17.37,230,221,-3.91,254,254.2,10.43
01-31-22,AGS Transact Technologies Limited,680,2.68,25.61,3.08,7.79,175,176,0.57,5.22,5.3,-97.02
12-31-21,CMS Info Systems Limited,1100,1.98,1.45,2.15,1.95,216,218.5,1.16,437.65,438,102.62
12-28-21,Supriya Lifescience Limited,700,31.83,161.22,56.01,71.51,274,425,55.11,656.85,656.45,139.73
12-27-21,HP Adhesives Limited,125.96,1.82,19.04,81.24,20.96,274,319,16.42,46,46.16,-83.21
12-24-21,Data Patterns (India) Limited,588.22,190.86,254.22,23.14,119.62,585,864,47.69,"2,523.15","2,525.00",331.31
12-23-21,MedPlus Health Services Limited,1398.3,111.9,85.33,5.24,52.59,796,"1,015.00",27.51,811.65,813.15,1.9722
12-21-21,C.E. Info Systems Limited (MapmyIndia),1039.61,196.36,424.69,15.2,154.71,"1,033.00","1,581.00",53.05,"1,798.55","1,798.80",74.11
12-20-21,Shriram Properties Limited,600,1.85,4.82,12.72,4.6,118,94,-20.34,90.3,90.56,-23.47
12-17-21,Rategain Travel Technologies Limited,1335.74,8.42,42.04,8.08,17.41,425,364.8,-14.16,482.2,482.4,13.46
12-14-21,Anand Rathi Wealth Limited,659.38,2.5,25.42,7.76,9.78,550,602.05,9.46,"2,736.05","2,735.90",397.46
12-13-21,Tega Industries Limited,619.23,215.45,666.19,29.44,219.04,453,753,66.23,"1,801.55","1,804.10",297.69
12-10-21,Star Health and Allied Insurance Company Limited,6400.44,1.03,0.19,1.1,0.79,900,848.8,-5.69,436.3,436.8,-51.52
11-30-21,Go Fashion (India) Limited,1013.61,100.73,262.08,49.7,135.46,690,"1,316.00",90.72,700.85,700.1,1.57
11-26-21,Tarsons Products,1023.47,115.77,184.58,10.56,77.49,662,700,5.74,372.35,373.05,-43.75
11-23-21,Latent View Analytics,600,145.48,850.66,119.44,326.49,197,530,169.04,397.5,395.4,101.78
11-18-21,Sapphire Foods India,2073.25,7.5,3.46,8.7,6.62,"1,180.00","1,311.00",11.1,321.25,320.55,-72.78
11-18-21,One97 Communications,18300,2.79,0.24,1.66,1.89,"2,150.00","1,955.00",-9.07,"1,103.45","1,095.50",-48.68
11-15-21,PB Fintech,5709.72,24.89,7.82,3.31,16.59,980,"1,150.00",17.35,"1,830.75","1,832.50",86.81
11-15-21,S.J.S Enterprises Limited,800,1.42,2.32,1.38,1.59,542,540,-0.37,"1,184.15","1,187.10",118.48
11-15-21,Sigachi Industries Limited,125.43,86.51,172.43,80.49,101.91,163,575,252.76,31.63,31.65,-80.6
11-12-21,Fino Payments Bank Limited,1200.29,1.65,0.21,5.92,2.03,577,548,-5.03,251.6,251.65,-56.4
11-10-21,FSN E Commerce Ventures Limited (Nykaa),5349.72,91.18,112.02,12.24,81.78,"1,125.00","2,001.00",77.87,202.9,203.08,-81.96
10-11-21,Aditya Birla Sun Life AMC Limited,2768.26,10.36,4.39,3.24,5.24,712,712,0,847.9,848.4,19.09
10-01-21,Paras Defence and Space Technologies Limited,170.78,169.65,927.7,112.81,304.26,175,475,171.43,652.05,652.2,272.6
09-24-21,Sansera Engineering Limited,1282.52,0.29,0.07,0.87,0.53,744,811.35,9.05,"1,277.65","1,275.00",71.73
09-14-21,Vijaya Diagnostic Centre Limited,1894.26,13.07,1.32,1.09,4.54,531,542.3,2.13,"1,055.50","1,056.40",98.78
09-14-21,Acutaas Chemicals Limited,569.64,86.64,154.81,13.36,64.54,610,902,47.87,"1,300.70","1,294.40",113.23
08-24-21,Aptus Value Housing Finance India Limited,2780.05,32.41,33.91,1.35,17.2,353,329.95,-6.53,336.65,337,-4.63
08-24-21,Chemplast Sanmar Limited,3850,2.7,1.03,2.29,2.17,541,525,-2.96,409.15,409.85,-24.37
08-23-21,Nuvoco Vistas Corporation Limited,5000,4.23,0.66,0.73,1.71,570,471,-17.37,450.75,451.9,-20.92
08-20-21,CarTrade Tech Limited,2998.51,35.45,41,2.75,20.29,"1,618.00","1,600.00",-1.11,"2,281.45","2,280.00",41
08-16-21,Devyani International Limited,1838,95.27,213.06,39.52,116.71,90,141,56.67,154.55,154.54,71.72
08-16-21,Windlas Biotech Limited,401.54,24.4,15.73,24.27,22.47,460,439,-4.57,929.1,929.5,101.98
08-16-21,Exxaro Tiles Limited,160.77,17.67,5.36,40.1,22.68,120,126,5,7.85,7.82,-93.46
08-16-21,Krsnaa Diagnostics Limited,1213.34,49.83,116.3,42.04,64.4,954,"1,025.00",7.44,836,831.7,-12.37
08-09-21,Rolex Rings Limited,731.1,143.58,360.11,24.49,130.44,900,"1,249.00",38.78,"1,379.60","1,385.30",53.29
08-06-21,Alivus Life Sciences Limited,1513.6,36.97,122.54,14.63,44.17,720,751.1,4.32,937.7,937.5,30.24
07-29-21,Tatva Chintan Pharma Chem Limited,500,185.23,512.22,35.35,180.36,"1,083.00","2,111.80",95,"1,036.25","1,038.90",-4.32
07-23-21,Eternal Limited,9375,51.79,32.96,7.45,38.25,76,115,51.32,305.6,304.75,302.11
07-19-21,G R Infraprojects Limited,962.33,75.4,165.03,7.69,59.1,837,"1,700.00",103.11,"1,242.35","1,240.80",48.43
07-19-21,Clean Science and Technology Limited,1546.62,70.31,110.28,5.71,46.57,900,"1,784.40",98.27,"1,174.90","1,173.50",30.54
07-05-21,India Pesticides Limited,800,42.95,51.88,11.3,29.04,296,360,21.62,219.8,219.79,-25.74
06-28-21,Dodla Dairy Limited,520.18,84.88,73.26,11.33,45.61,428,528,23.36,"1,299.00","1,301.10",203.5
06-28-21,Krishna Institute of Medical Sciences Limited,2143.74,5.26,1.89,2.9,3.86,825,"1,008.90",22.29,729.9,728.6,-11.53
06-24-21,Sona BLW Precision Forgings Limited,5550,3.46,0.39,1.57,2.28,291,302.4,3.92,447.85,448.25,53.9
06-24-21,Shyam Metalics and Energy Limited,908.55,155.71,339.98,11.58,121.4,306,367,19.93,944.65,946.15,208.71
05-14-21,Powergrid Infrastructure Investment Trust,7734.99,4.63,5.07,0,4.83,100,104,4,91.25,91.2,-8.75
04-19-21,Macrotech Developers Limited (Lodha Group),2500,3.05,1.44,0.4,1.36,486,439,-9.67,"1,222.50","1,223.30",151.54
04-07-21,Barbeque Nation Hospitality Limited,452.87,5.11,3.1,13.13,5.98,500,492,-1.6,256.35,256.2,-48.73
03-30-21,Nazara Technologies Limited,582.69,103.77,389.89,75.29,175.46,"1,101.00","1,971.00",79.02,"1,415.90","1,416.00",28.6
03-26-21,Suryoday Small Finance Bank Limited,580.84,2.18,1.31,3.09,2.37,305,293,-3.93,123.25,123.08,-59.59
03-26-21,Kalyan Jewellers India Limited,1174.82,2.76,1.91,2.82,2.61,87,73.9,-15.06,521.35,523.75,499.25
03-25-21,Craftsman Automation Limited,823.7,5.21,2.84,3.43,3.81,"1,490.00","1,350.00",-9.4,"6,844.85","6,842.00",359.39
03-25-21,Laxmi Organic Industries Limited,600,175.43,217.62,20.06,106.79,130,156.2,20.15,183.5,183.7,41.15
03-24-21,Anupam Rasayan India Limited,760,65.74,97.42,10.77,44.06,555,534.7,-3.66,"1,135.30","1,138.00",104.56
03-19-21,Easy Trip Planners Limited,510,77.53,382.21,70.4,159.33,187,206,10.16,9.25,9.27,-95.05
03-15-21,MTAR Technologies Limited,596.41,164.99,650.79,28.4,200.79,575,"1,063.90",85.03,"1,475.00","1,476.30",156.52
03-05-21,Heranba Industries Limited,625.24,67.45,271.15,11.84,83.29,627,900,43.54,353.1,355,-43.68
02-26-21,Railtel Corporation of India Limited,819.24,65.14,73.25,16.78,42.39,94,104.6,11.28,350.05,350.7,272.39
02-25-21,Nureca Limited,100,3.1,31.59,166.65,39.93,400,634.95,58.74,238.05,236.34,-40.49
02-16-21,Brookfield India Real Estate Trust,3800,4.78,11.74,0,7.94,275,275.05,0.02,313.46,313.45,13.99
02-05-21,Stove Kraft Limited,412.63,8.02,32.72,26.04,18.03,385,467,21.3,587.65,587.05,52.64
02-03-21,Home First Finance Company India Limited,1153.72,52.53,39,6.59,26.66,518,612.15,18.18,"1,246.25","1,250.00",140.59
02-02-21,Indigo Paints Limited,1169.12,189.57,263.05,15.93,117.02,"1,490.00","2,607.50",75,"1,105.85","1,101.70",-25.78
01-29-21,Indian Railway Finance Corporation Limited,4633.38,3.78,2.67,3.66,3.49,26,25,-3.85,126.4,126.3,386.15
01-01-21,Antony Waste Handling Cell Ltd,299.99,0.89,0.26,0.37,0.49,315,430,36.51,581.45,577.35,84.59
12-24-20,Mrs Bectors Food Specialities Ltd,540.54,176.85,620.86,29.33,198.02,288,501,73.96,"1,441.20","1,444.70",400.42
12-14-20,Restaurant Brands Asia Ltd,810,86.64,354.11,68.15,156.65,60,115.35,92.25,77.97,77.85,29.95
11-20-20,Gland Pharma Ltd,6479.55,6.4,0.51,0.24,2.06,"1,500.00","1,701.00",13.4,"1,930.25","1,933.70",28.68
11-02-20,Equitas Small Finance Bank Ltd,517.6,3.91,0.22,2.08,1.95,33,31,-6.06,55,54.89,66.67
10-12-20,UTI Asset Management Company Ltd,2159.88,3.34,0.93,2.32,2.31,554,490.25,-11.51,"1,331.10","1,333.00",140.27
10-15-20,Likhitha Infrastructure Ltd,61.2,21.99,1.54,23.71,9.51,120,130.1,8.42,253.6,253.85,111.33
10-12-20,Mazagon Dock Shipbuilders Ltd,443.69,89.71,678.88,35.63,157.41,145,216.25,49.14,"2,698.30","2,701.10","1,760.90"
10-05-20,Angel One Ltd,600,3.07,0.11,1.83,1.81,306,275,-10.13,"2,527.55","2,531.70",726
10-01-20,Computer Age Management Services Ltd,2242.11,73.18,111.85,5.55,46.99,"1,230.00","1,518.00",23.41,"3,793.80","3,790.00",208.44
10-01-20,Chemcon Speciality Chemicals Ltd,318,113.54,449.14,41.21,149.33,340,730.95,114.99,231.95,231.15,-31.78
09-21-20,Route Mobile Ltd,600,89.76,192.81,12.67,73.3,350,708,102.29,874.85,874.1,149.96
09-17-20,Happiest Minds Technologies Ltd,702.02,77.43,351.46,70.94,150.98,166,351,111.45,581.3,580.15,250.18
08-07-20,Mindspace Business Parks REIT,4500,NA,NA,NA,NA,275,304,10.55,415.05,415.4,50.93
07-27-20,Yes Bank Ltd,15000,1.9,0.63,0.47,0.93,12,12.3,2.5,18.79,18.76,56.58
07-23-20,Rossari Biotech Ltd,496.25,85.26,239.83,7.23,79.37,425,670,57.65,636.05,635.8,49.66
03-16-20,SBI Cards & Payment Services Ltd,10340.8,57.18,45.23,2.5,26.54,755,658,-12.85,797.85,798.4,5.68
12-30-19,Prince Pipes and Fittings Ltd,500,3.54,1.21,1.89,2.21,178,160,-10.11,291.35,291.1,63.68
12-12-19,Ujjivan Small Finance Bank Ltd,745.95,110.72,473,49.09,165.69,37,58,56.76,43.27,43.28,16.95
12-04-19,CSB Bank Ltd,409.68,62.18,164.68,44.53,86.93,195,275,41.03,412.8,411.35,111.69
10-15-19,Vishwaraj Sugar Industries Ltd,60,1,1.76,0.64,1.12,60,61.2,2,8.9,8.92,-85.17
10-14-19,Indian Railway Catering and Tourism Corporation Ltd,637.97,108.79,354.52,14.94,111.95,320,644,101.25,726.65,725.5,127.08
08-20-19,Sterling and Wilson Solar Ltd,2849.64,1.02,0.89,0.3,0.85,780,700,-10.26,282,283.15,-63.85
08-19-19,Spandana Sphoorty Financial Ltd,1189.85,3.11,0.55,0.09,1.05,856,824,-3.74,248.2,248.2,-71
08-08-19,Affle (India) Ltd,459,55.31,198.69,10.96,86.49,745,929.9,24.82,"1,975.30","1,972.30",165.14
07-04-19,Indiamart Intermesh Ltd,475.59,14.92,15.78,3.03,12.95,973,"1,180.00",21.27,"2,574.00","2,570.20",164.54
05-08-19,Neogen Chemicals Ltd,132.35,30.49,113.88,16.06,41.18,215,251,16.74,"1,420.00","1,420.50",560.47
04-16-19,Polycab India Ltd,1345.26,92.44,110.42,4.65,51.96,538,633,17.66,"6,649.05","6,644.00","1,135.88"
04-15-19,Metropolis Healthcare Ltd,1204.29,8.88,3.03,2.21,5.84,880,960,9.09,"2,060.80","2,055.70",134.18
04-11-19,Rail Vikas Nigam Ltd,477.11,1.36,0.8,2.93,1.83,19,19,0,344.55,344.45,"1,713.42"
04-01-19,Embassy Office Parks REIT,4750,2.15,3.09,0,2.57,300,300,0,385,384.76,28.33
03-29-19,MSTC Ltd,211.04,0.29,1.71,2.18,0.7,120,111,-7.5,470.9,470.3,292.42
02-07-19,Chalet Hotels Ltd,1641.18,4.66,1.1,0.03,1.57,280,291,3.93,879.2,878.35,214
02-04-19,Xelpmoc Design and Technologies Ltd,23,1.24,7.69,2.64,3.25,66,56,-15.15,91.73,91.45,38.98
10-08-18,AAVAS Financiers Ltd,1640.32,2.77,0.26,0.25,0.97,821,758,-7.67,"1,713.35","1,712.80",108.69
10-10-18,Garden Reach Shipbuilders & Engineers Ltd,343.59,1.81,0.31,0.24,1.02,118,104,-11.86,"2,515.75","2,516.90","2,031.99"
09-28-18,Ircon International Ltd,466.94,12.29,4.92,10.07,9.9,475,410.3,-13.62,167.25,167.41,-64.79
08-23-18,CreditAccess Grameen Ltd,1131.19,5.52,0.98,0.88,2.22,422,385,-8.77,"1,281.00","1,279.80",203.55
08-06-18,HDFC Asset Management Company Ltd,2800.33,192.26,195.15,6.73,83.06,"1,100.00","1,739.00",58.09,"5,490.45","5,496.00",399.13
07-30-18,TCNS Clothing Co. Ltd,1125.13,13.47,5.08,0.67,5.27,716,715,-0.14,583.9,583.95,-18.45
07-06-18,Varroc Engineering Ltd,1954.96,9.16,2.45,0.95,3.59,967,"1,032.00",6.72,520,520,-46.23
07-02-18,Fine Organic Industries Ltd,600.17,12.86,21.01,1.62,8.99,783,815,4.09,"4,838.40","4,848.50",517.93
07-02-18,Rites Ltd,460.51,71.72,194.56,15.74,67.24,185,190,2.7,251.35,250.5,35.86
05-21-18,Indostar Capital Finance Ltd,1844,16.08,6.91,1.48,6.8,572,600,4.9,275.2,275.8,-51.89
04-09-18,Lemon Tree Hotels Ltd,1038.68,3.89,0.12,0.12,1.19,56,61.6,10,145.5,145.25,159.82
04-04-18,ICICI Securities Ltd,3514.85,1.04,0.36,0.88,0.78,520,431.1,-17.1,895.7,896.2,72.25
04-04-18,Mishra Dhatu Nigam Ltd (MIDHANI),435.02,1.96,0.13,0.72,1.21,90,87,-3.33,389.9,389.5,333.22
04-02-18,Sandhar Technologies Ltd,512.48,14.49,6.39,1.42,6.19,332,345,3.92,422.35,421.85,27.21
03-28-18,Hindustan Aeronautics Ltd (HAL),4113.13,1.73,0.03,0.39,0.99,"1,215.00","1,169.00",-3.79,"4,335.00","4,334.80",256.79
04-02-18,Dharan Infra EPC Ltd,77.4,1.55,3.44,2.01,2.54,180,136,-24.44,0.47,0.42,-99.74
03-27-18,Bandhan Bank Ltd,4473.02,38.67,13.89,1.2,14.63,375,485,29.33,167.2,166.73,-55.41
03-23-18,Bharat Dynamics Ltd,952.79,1.5,0.5,1.41,1.3,428,360,-15.89,"1,476.00","1,479.50",244.86
03-09-18,H.G. Infra Engineering Ltd,462,8.37,4.97,3.08,4.98,270,270,0,995,994.9,268.52
02-26-18,Aster DM Healthcare Ltd,980.14,2.1,0.55,1.18,1.31,190,182.1,-4.16,589.35,589.25,210.18
02-08-18,Galaxy Surfactants Ltd,937.09,54.27,6.96,6.01,20,"1,480.00","1,520.00",2.7,"2,385.00","2,379.60",61.15
01-30-18,Amber Enterprises India Ltd,599.57,174.99,519.26,11.65,165.42,859,"1,180.00",37.37,"6,855.20","6,840.00",698.04
01-29-18,Newgen Software Technologies Ltd,424.62,15.62,5.52,5.18,8.25,245,253,3.27,868.4,867.1,254.45
01-22-18,Apollo Micro Systems Ltd,156,101.93,958.07,40.19,248.51,275,478,73.82,185.3,185.31,-32.62
12-29-17,Astron Paper & Board Mill Ltd,69.83,103.36,396.99,77.93,243.29,50,114,128,14.75,14.73,-70.5
12-18-17,Future Supply Chain Solutions Ltd,649.7,12.36,11.15,3.28,7.56,664,674,1.51,2.39,2.23,-99.64
12-15-17,Shalby Ltd,504.8,4.34,0.42,2.98,2.82,248,237,-4.44,204.15,203.95,-17.68
11-17-17,HDFC Life Insurance Company Ltd,8695,16.6,2.29,0.94,4.9,290,311,7.24,761.45,760.45,162.57
11-14-17,Khadim India Ltd,543.06,2.44,0.18,2.33,1.9,750,727,-3.07,261.75,262.2,-65.1
11-13-17,New India Assurance Company Ltd,9466.98,2.34,0.12,0.11,1.19,800,748.9,-6.39,187.35,186.76,-76.58
11-10-17,Mahindra Logistics Ltd,828.88,15.6,2.07,6.1,7.9,429,432,0.7,326.5,328.6,-23.89
11-06-17,Nippon Life India Asset Management Ltd,1542.24,118.4,209.44,5.65,81.54,252,294,16.67,806,809.6,219.84
10-25-17,General Insurance Corporation of India Ltd,11175.8,2.25,0.22,0.63,1.38,912,850,-6.8,396.2,395.5,-56.56
10-23-17,Indian Energy Exchange Ltd,1000.73,2.56,0.85,2.61,2.28,"1,650.00","1,500.00",-9.09,137.85,137.64,-91.65
10-18-17,MAS Financial Services Ltd,460.04,148.33,378.53,15.97,128.39,459,660,43.79,301.85,301.3,-34.24
10-16-17,Godrej Agrovet Ltd,1157.31,150.96,236.04,7.67,95.41,460,621,35,794.9,794.45,72.8
10-05-17,Prataap Snacks Ltd,481.56,76.89,101.15,8.48,47.39,938,"1,250.00",33.26,904.45,904.3,-3.58
10-03-17,SBI Life Insurance Company Ltd,8386.4,12.56,0.7,0.85,3.58,700,733.3,4.76,"1,843.20","1,840.80",163.31
09-27-17,ICICI Lombard General Insurance Company Ltd,5700.94,8.17,0.83,1.23,2.98,661,650,-1.66,"1,897.55","1,897.00",187.07
09-25-17,Capacit'e Infraprojects Ltd,400,131.32,638.05,17.57,183.03,250,399,59.6,291,291.5,16.4
09-21-17,Matrimony.com Ltd,496.88,1.88,0.41,18.16,4.44,985,985,0,510.6,511.4,-48.16
09-18-17,Bharat Road Network Ltd,600.65,1.33,1.63,5.69,1.81,205,204.9,-0.05,18.41,18.42,-91.02
09-18-17,Dixon Technologies (India) Ltd,599.28,134.66,345.61,10.6,117.83,"1,766.00","2,725.00",54.3,"15,924.10","15,892.00",801.7
09-04-17,Apex Frozen Foods Ltd,152.25,1.91,7.82,8.53,6.14,175,199.9,14.23,233.45,236.67,33.4
08-11-17,Cochin Shipyard Ltd,1442.01,63.52,288.87,8.51,76.19,432,435,0.69,"1,654.95","1,652.10",283.09
08-10-17,SIS Ltd,779.58,5.64,1.66,19.51,7.07,815,875,7.36,368,368.1,-54.85
07-25-17,Salasar Techno Engineering Ltd,35.87,0,2.59,19.42,11.01,108,259.15,139.95,7.05,7.06,-93.47
07-10-17,AU Small Finance Bank Ltd,1912.51,78.77,143.51,3.52,53.6,358,525,46.65,733.4,731.35,104.86
07-04-17,GTPL Hathway Ltd,484.8,1.48,2.85,0.99,1.53,170,170,0,117.9,118.44,-30.65
06-30-17,Central Depository Services Ltd,523.99,148.71,563.03,23.83,170.16,149,250,67.79,NA,"1,556.00",NA
06-29-17,ERIS Lifesciences Ltd,1741.16,4.68,0.45,3.51,3.29,603,612,1.49,"1,682.40","1,680.40",179
06-27-17,Tejas Networks Ltd,776.69,2.16,0.48,3.1,1.88,257,257,0,559.15,558.6,117.57
05-29-17,PSP Projects Ltd,211.68,8.38,10.39,6.47,8.58,210,199,-5.24,666,666,217.14
06-06-17,IndiGrid Infrastructure Fund,2249.96,1.14,1.6,0,1.35,100,100,0,157.89,158,57.89
05-19-17,Housing & Urban Development Corporation Ltd,1209.78,55.45,330.36,10.79,79.53,60,73.45,22.42,211.45,210.25,252.42
05-18-17,IRB InvIT Fund,5032.88,10.81,5.89,0,8.57,102,103.25,1.23,63.2,63.2,-38.04
05-09-17,S Chand & Company Ltd,728.6,44.27,204.65,6.07,59.49,670,707,5.52,186.1,187.52,-72.22
04-05-17,Shankara Building Products Ltd,345,51.62,90.68,15.35,41.88,460,545,18.48,"1,100.50","1,099.30",139.24
03-31-17,CL Educate Ltd,238.95,3.65,0.21,1.63,1.9,502,398,-20.72,106.5,106.04,-78.78
03-21-17,Avenue Supermarts Ltd (DMart),1870,144.62,277.74,7.51,104.59,299,604.4,102.14,"4,239.85","4,233.00","1,318.01"
03-17-17,Music Broadcast Ltd,488.53,39.78,109.13,9.85,39.67,333,420,26.13,8.31,8.35,-97.5
02-03-17,BSE Ltd (Bombay Stock Exchange),1243.43,48.64,159.03,6.48,51.22,806,"1,085.00",34.62,NA,"2,363.60",NA
12-19-16,Laurus Labs Ltd,1330.51,10.54,3.58,1.67,4.57,428,490,14.49,821.9,815.25,92.03
12-09-16,Sheela Foam Ltd,510,14.51,3.35,0.44,5.09,730,860,17.81,664.55,664.5,-8.97
11-08-16,Varun Beverages Ltd,1112.5,4.94,0.42,0.82,1.86,445,430,-3.37,513.1,512.4,15.3
11-07-16,PNB Housing Finance Ltd,3000,37.33,86.17,1.35,29.55,775,863,11.35,769.05,768.2,-0.77
10-19-16,Endurance Technologies Ltd,1161.73,53.43,127.07,2.69,43.84,472,570,20.76,"2,533.00","2,536.90",436.65
10-04-16,HPL Electric & Power Ltd,361,5.77,22.2,3.31,8.06,202,190.05,-5.92,585.5,585.5,189.85
09-29-16,ICICI Prudential Life Insurance Company Ltd,6056.79,11.83,28.55,1.42,10.48,334,329,-1.5,614.25,612.95,83.91
09-26-16,GNA Axles Ltd,130.41,17.18,217.47,11.84,54.88,207,248.5,20.05,303.5,302.65,46.62
09-23-16,L&T Technology Services Ltd,894.4,5.01,1.03,1.75,2.53,860,900,4.65,"4,183.10","4,177.70",386.41
08-31-16,RBL Bank Ltd,1212.97,85.08,198.06,5.7,69.62,225,273.7,21.64,258.3,257.4,14.8
08-12-16,S P Apparels Ltd,239.12,1,0.45,0.54,0.66,268,305,13.81,814.4,814.9,203.88
08-11-16,Dilip Buildcon Ltd,653.98,9.76,79.64,2.35,20.95,219,240,9.59,474.7,476.25,116.76
08-01-16,Advanced Enzyme Technologies Ltd,411.49,94.03,393.1,11.67,116.02,896,"1,210.00",35.04,302,303.2,-66.29
07-21-16,LTIMindtree Ltd,1236.38,19.91,10.76,7.39,11.69,710,666.6,-6.11,"5,098.35","5,078.50",618.08
07-12-16,Quess Corp Ltd,400,59.03,392.21,34.08,144.5,317,499,57.41,276.5,276.35,-12.78
07-01-16,Mahanagar Gas Ltd,1038.88,72.84,191.61,6.82,64.54,421,540,28.27,"1,356.00","1,352.40",222.09
05-19-16,Parag Milk Foods Ltd,750.54,1.15,3.08,2.12,1.83,215,215.7,0.33,221.1,221.62,2.84
05-10-16,Ujjivan Financial Services Ltd,882.5,33.84,135.45,4.02,40.68,210,227,8.1,590.35,589.5,181.12
05-09-16,Thyrocare Technologies Ltd,479.21,73.18,225.3,8.73,73.55,446,662,48.43,"1,347.00","1,351.30",202.02
04-21-16,Equitas Holdings Ltd,2176.69,14.93,57.29,1.4,17.21,110,144,30.91,119.9,120.3,9
04-04-16,Infibeam Avenues Ltd,450,0.86,2.23,1.31,1.11,432,458,6.02,15.09,15.08,-96.51
04-01-16,Bharat Wire Ropes Ltd,70,1.01,2.02,2.08,1.21,45,47.35,5.22,173.3,174.77,285.11
03-30-16,Healthcare Global Enterprises Ltd,649.64,2.36,0.43,0.83,1.56,218,209.8,-3.76,659,656.5,202.29
02-18-16,Quick Heal Technologies Ltd,451.25,4.34,36.69,3.82,10.8,321,304.95,-5,287.45,287.5,-10.45
02-12-16,Team Lease Services Ltd,423.68,26.97,185.24,10.62,66.02,850,860,1.18,"1,730.00","1,738.90",103.53
02-08-16,Precision Camshafts Ltd,410.19,2.62,0.73,2.01,1.91,186,163.1,-12.31,174.1,174.19,-6.4
01-06-16,Narayana Hrudayalaya Ltd,613.08,24.43,3.62,1.89,8.7,250,291,16.4,"1,796.95","1,797.80",618.78
12-23-15,Dr Lal Pathlabs Ltd,631.91,63.56,61.28,4.24,33.41,550,717,30.36,"3,244.90","3,243.50",489.98
12-23-15,Alkem Laboratories Ltd,1347.76,57.19,129.96,3.17,44.29,"1,050.00","1,380.00",31.43,"4,947.40","4,959.50",371.18
11-16-15,S H Kelkar & Company Ltd,508.17,4.68,1.14,0.47,1.84,180,222,23.33,234.05,229.9,30.03
11-10-15,Interglobe Aviation Ltd,3008.5,17.8,3.57,0.92,6.15,765,856,11.9,"5,910.00","5,919.50",672.55
11-02-15,Coffee Day Enterprises Ltd,1150,NA,NA,NA,NA,328,313,-4.57,35.83,35.8,-89.08
09-16-15,Sadbhav Infrastructure Project Ltd,491.66,3.04,1.66,1.68,2.24,103,110.75,7.52,3.61,3.63,-96.5
09-21-15,Madhyam Agrivet Industries Ltd,362.57,0.88,1.42,0.34,0.77,115,115,0,99.75,99.6,-13.26
09-10-15,Shree Pushkar Chemicals Ltd,70,0.97,2.09,1.54,1.34,65,60,-7.69,399.25,397.75,514.23
09-10-15,Pennar Engineered Building Systems Ltd,156.19,2.2,1.44,0.41,1.15,178,150,-15.73,63.85,62.85,-64.13
09-09-15,Navkar Corporation Ltd,600,6.47,0.9,1.62,2.85,155,152,-1.94,119.5,119.47,-22.9
08-26-15,Power Mech Projects Ltd,273.22,27.53,133.22,3.42,38.12,640,600,-6.25,"3,113.00","3,119.50",386.41
08-11-15,Syngene International Ltd,550,51.47,90.24,4.78,32.05,250,295,18,644.95,645.4,157.98
07-09-15,Manpasand Beverages Ltd,400,1.98,0.38,1.16,1.4,320,291,-9.06,6.14,5.85,-98.08
05-26-15,PNC Infratech Ltd,488.44,4.51,0.65,0.28,1.56,378,381,0.79,303.35,303.6,-19.75
05-14-15,UFO Moviez India Ltd,600,4.49,1.17,1.02,2.04,625,600,-4,77.46,77.65,-87.61
05-06-15,MEP Infrastructure Developers Ltd,324,1.02,1.51,0.97,1.11,63,63,0,1.65,1.61,-97.38
04-30-15,VRL Logistics Ltd,467.88,58.22,250.86,7.92,74.26,205,288,40.49,575,574.1,180.49
04-09-15,Inox Wind Ltd,1020.53,35.68,35.38,2.15,18.6,325,400,23.08,140.05,140.35,-56.91
04-06-15,Imagicaaworld Entertainment Ltd,374.59,1.17,0.7,1.37,1.11,180,167.95,-6.69,60.63,60.57,-66.32
03-19-15,Ortel Communications Ltd,174.71,1.01,0.09,0.39,0.75,181,181,0,1.41,1.65,-99.22
12-19-14,Monte Carlo Fashions Ltd,350.43,13.96,1.71,6.96,7.83,645,585,-9.3,549.6,545.9,-14.79
10-01-14,Shemaroo Entertainment Ltd,120,5.69,8.64,7.79,7.39,170,180,5.88,116,117.2,-31.76
09-23-14,Sharda Cropchem Ltd,351.86,32.06,251.35,5.85,59.97,156,254.1,62.88,973.65,974.2,524.13
09-12-14,Snowman Logistics Ltd,197.4,16.98,221.79,41.26,59.75,47,75,59.57,53.63,53.62,14.11
05-09-14,Wonderla Holidays Ltd,181.25,16.71,159.04,7.55,38.06,125,164.75,31.8,589.85,589.6,371.88
02-28-14,Engineers India Ltd,498.13,23.43,5.85,2.99,13.36,150,149.9,-0.07,201,201.05,34
12-19-13,Power Grid Corporation of India Ltd,6958.64,115.9,40.34,6.77,64.82,90,97.1,7.89,285.75,286.2,217.5
06-05-13,Just Dial Ltd,919.14,10.12,22.34,3.53,11.63,530,590,11.32,827.05,827.45,56.05
04-01-13,Repco Home Finance Ltd,270.23,3.39,0.35,0.51,1.65,172,165,-4.07,388.55,388.9,125.9
02-20-13,V-Mart Retail Ltd,94.42,1.52,1.39,0.79,1.2,210,216,2.86,753.65,753.35,258.88
12-28-12,Indus Towers Ltd,4172.76,2.84,0.29,0.19,1.3,220,200,-9.09,338.1,338.7,53.68
12-27-12,PC Jeweller Ltd,601.31,7.33,18.12,1.68,6.85,135,135.5,0.37,13.48,13.48,-90.01
12-26-12,CARE Ratings Ltd,539.98,45.8,110.96,6.18,40.98,750,949,26.53,"1,638.60","1,643.90",118.48
12-06-12,Tara Jewels Ltd,179.5,1.49,3.1,2.05,1.98,230,242,5.22,0.75,0.5,-99.67
07-18-12,VKS Projects Ltd,55,1.15,0.38,1.13,1.03,55,55.8,1.45,0.04,0.05,-99.93
05-30-12,Speciality Restaurants Ltd,176.09,4.68,2.19,0.55,2.54,150,153,2,124.1,123.9,-17.27
05-09-12,Tribhovandas Bhimji Zaveri Ltd,200,1.29,1.91,0.68,1.15,120,115,-4.17,192.45,192.8,60.38
04-12-12,MT Educare Ltd,99,6.01,8,2.17,4.8,80,86.05,7.56,2.24,2.29,-97.2
04-12-12,NBCC (India) Ltd,124.97,7.07,1.7,3.4,4.93,106,100,-5.66,108,108,1.89
03-28-12,Olympic Cards Ltd,24.75,0,3.44,1.36,0.99,30,29.95,-0.17,3,,-90
03-09-12,Multi Commodity Exchange of India Ltd,663.31,49.12,150.35,24.14,54.13,"1,032.00","1,387.00",34.4,"8,100.30","8,092.00",684.91
11-02-11,Indo Thai Securities Ltd,29.6,0,0.02,3.35,1.18,74,75,1.35,170.1,169.75,129.86
10-19-11,Flexituff Ventures International Ltd,104.63,0.51,2.35,1.6,1.17,155,155,0,22.8,23,-85.29
10-19-11,Taksheel Solutions Ltd,82.5,0.24,4.7,6.18,2.99,150,157.4,4.93,3.25,3.85,-97.83
10-17-11,Onelife Capital Advisors Ltd,36.85,1.02,0.93,2.5,1.53,110,115,4.55,13.69,11.63,-87.55
10-20-11,Ujaas Energy Ltd,93,1.03,1.56,2.35,1.57,186,180,-3.23,352.7,366.65,89.62
10-07-11,RDB Rasayans Ltd,35.55,0,0.75,3.96,1.5,79,85,7.59,169,,113.92
10-04-11,Setubandhan Infrastructure Ltd,60,0.31,2.76,4.68,2.21,138,145,5.07,0.7,0.52,-99.49
09-26-11,PG Electroplast Ltd,120.65,0.98,1.84,1.64,1.34,210,200,-4.76,518.8,518.1,147.05
09-08-11,TD Power Systems Ltd,227,6.52,0.38,0.38,2.92,256,251.6,-1.72,495.35,495.05,93.5
09-16-11,SRS Ltd,203,0.75,5.11,0.32,1.25,58,55,-5.17,0.19,0.15,-99.67
09-05-11,Brooks Laboratories Ltd,63,0,2.82,3.36,1.6,100,110,10,153.35,150.99,53.35
08-26-11,Tree House Education & Accessories Ltd,112.06,1.02,1.68,2.76,1.85,135,132.8,-1.63,6.69,6.71,-95.04
08-12-11,L&T Finance Holdings Ltd,1245,1.93,6.18,9.61,5.34,52,51,-1.92,197.6,197.7,280
08-04-11,Inventure Growth & Securities Ltd,81.9,0.25,9.49,8.66,4.58,117,119,1.71,1.52,1.52,-98.7
07-28-11,Bharatiya Global Infomedia Ltd,55.1,0,1.94,5.06,2.06,82,84,2.44,3.14,3.14,-96.17
07-13-11,Kridhan Infra Ltd,34.75,0.03,1.37,4.18,1.68,108,115,6.48,4,4.07,-96.3
07-07-11,Rushil Decor Ltd,40.64,0.23,1.35,6.57,2.62,72,81.25,12.85,22.85,22.8,-68.26
07-07-11,Birla Pacific Medspa Ltd,65.18,1.04,0.17,1.82,1.18,10,10.1,1,0.28,,-97.2
06-22-11,Timbor Home Ltd,23.25,0.65,3.22,14.22,5.78,63,72,14.29,2.21,2.75,-96.49
06-14-11,VMS Industries Ltd,25.75,0,1.11,3.41,1.36,40,43.95,9.88,35,,-12.5
05-27-11,Power Finance Corporation Ltd,4578.2,6.92,1.2,2,4.34,203,197.6,-2.66,419.25,420.2,106.53
05-27-11,Dr. Datsons Labs Ltd,117,0.14,2.65,1.84,1.11,234,229.45,-1.94,6.29,6.4,-97.31
05-23-11,BF Industrial & Technologies Ltd,36.9,0,1.82,2.93,1.3,85,85,0,16.5,16.4,-80.59
10-24-11,Vaswani Industries Ltd,49,0.16,11.29,6.83,4.16,49,33.45,-31.73,52.85,52.1,7.86
05-12-11,Servalakshmi Paper Ltd,60,0.34,4.21,1.9,1.47,29,30,3.45,1.33,0.7,-95.41
05-13-11,Innoventive Industries Ltd,217.41,0.85,1.94,1.48,1.24,117,110,-5.98,4.2,5.6,-96.41
05-10-11,Future Consumer Ltd,750,0.26,7.81,0.61,1.52,10,9.5,-5,0.45,0.44,-95.5
05-09-11,Paramount Printpac Ltd,45.83,0.33,3.28,9.31,3.92,35,35,0,0.82,0.85,-97.66
05-06-11,Muthoot Finance Ltd,901.25,25.01,60.94,8.5,24.55,175,180,2.86,"2,548.50","2,548.30","1,356.29"
04-08-11,Shilpi Cable Technologies Ltd,55.88,1.04,6.39,5.74,3.48,69,78.35,13.55,1.1,1.15,-98.41
03-30-11,PTC India Financial Services Ltd,433.28,2.85,0.22,1.18,1.7,28,28,0,38.95,38.92,39.11
03-24-11,Lovable Lingerie Ltd,93.28,21.87,99.87,20.84,35.21,205,261.5,27.56,91.91,91.46,-55.17
03-11-11,Fineotex Chemical Ltd,29.48,0,0.22,4.38,1.57,70,80,14.29,232.5,232.55,232.14
03-10-11,AcroPetal Technologies Ltd,170,1.12,2,1.21,1.28,90,130,44.44,1.67,1.7,-98.14
03-11-11,Sudar Industries Ltd,69.98,0.17,4.47,2.28,1.55,77,74,-3.9,1.02,0.95,-98.68
02-10-11,Omkar Speciality Chemicals Ltd,79.38,0.82,5.27,9.9,4.67,98,95,-3.06,7.73,7.53,-92.11
02-02-11,Tata Steel Ltd,3477,10.41,7.21,1.6,6.03,610,630.15,3.3,160.55,160.74,-73.68
01-27-11,Midvalley Entertainment & Hospitality Ltd,60,0.35,4.68,9.01,4.03,70,73,4.29,0.35,,-99.5
01-20-11,C Mahendra Exports Ltd,165,1.02,3.92,4.82,2.78,110,111,0.91,1.79,1.65,-98.37
12-30-10,Punjab & Sind Bank,480,49.8,85.84,44.45,50.75,120,146.1,21.75,28.16,28.15,-76.53
12-23-10,A2Z Infra Engineering Ltd,776.25,0.68,3.12,0.33,0.96,400,390,-2.5,19.94,19.63,-95.02
12-27-10,Ravikumar Distilleries Ltd,73.6,0.15,7.31,3.01,2.22,64,64,0,28.57,28.68,-55.36
12-15-10,Shipping Corporation of India Ltd,1164.73,4.19,3.67,6.56,4.92,140,136.9,-2.21,206.55,206.71,47.54
12-15-10,MOIL Ltd,1237.51,49.16,143.3,32.86,56.43,375,551,46.93,321.8,322.4,-14.19
12-20-10,Claris Lifescience Ltd,300,1.31,2.03,1.6,1.5,228,224.4,-1.58,396.55,,73.93
12-06-10,RPP Infra Projects Ltd,48.75,0.16,7.27,5.6,2.97,75,75,0,116.3,116.49,55.07
11-25-10,Power Grid Corporation of India Ltd,7442.34,115.9,40.34,6.77,64.82,90,95,5.56,285.75,286.2,217.5
11-16-10,Gravita India Ltd,45,6.04,182.52,37.34,42.88,125,218.75,75,"1,783.65","1,789.00","1,326.92"
11-04-10,Coal India Ltd,15199.4,24.7,25.4,2.31,15.28,245,287.75,17.45,385,385,57.14
10-27-10,Shah Metacorp Ltd,54.67,1.54,33.44,8,8.59,71,76.6,7.89,3.57,3.58,-94.97
10-27-10,Prestige Estates Projects Ltd,1200,4.32,0.24,0.08,2.26,183,190,3.83,"1,629.15","1,631.90",790.25
10-27-10,BS Ltd,190.45,0.52,3.16,1.04,1.1,248,251,1.21,0.33,0.3,-99.87
10-20-10,Oberoi Realty Ltd,1028.61,22.15,3.61,0.94,12.13,260,280,7.69,"1,607.40","1,610.80",518.23
10-18-10,Jupiter Wagons Ltd,172.41,3.68,0.34,0.38,2.07,127,122.8,-3.31,329.2,329,159.21
10-14-10,Bedmutha Industries Ltd,91.8,0.67,29.19,8.51,7.69,102,114.4,12.16,140.2,140.15,37.45
10-14-10,Sea TV Network Ltd,50.2,1.66,40.94,7.45,9.58,100,120,20,4.94,,-95.06
10-14-10,Ashoka Buildcon Ltd,225,25.52,13.91,3.46,15.94,324,333.55,2.95,185.2,185.15,-42.84
10-12-10,Tecpro Systems Ltd,267.91,27.99,62.48,9.07,24.47,355,399.4,12.51,4.53,5.75,-98.72
10-13-10,Va Tech Wabag Ltd,472.59,36.13,100.98,8.55,36.22,"1,310.00","1,655.00",26.34,"1,522.00","1,525.10",16.18
10-12-10,Cantabil Retail India Ltd,105,1.71,3.83,2.63,2.35,135,133.8,-0.89,248.2,248.65,83.85
10-08-10,Orient Green Power Company Ltd,900,2.09,0.64,0.18,1.07,47,45.7,-2.77,13.25,13.26,-71.81
10-08-10,Ramky Infrastructure Ltd,530,4.52,1.45,0.99,2.89,450,450,0,556,557.3,23.56
10-08-10,ESL Steel Ltd,248.07,5.86,28.58,6.19,8.23,11,12.35,12.27,31.05,31,182.27
10-05-10,Sastasundar Ventures Ltd,147.5,5.91,35.88,11.04,12.2,118,135.1,14.49,288,289,144.07
10-06-10,Eros International Media Ltd,350,25.79,73.4,11.95,26.51,175,213.35,21.91,7.89,7.81,-95.49
10-06-10,CP Capital Ltd,115,47.45,101.93,31.74,47.39,310,461,48.71,162.7,161.95,-47.52
10-01-10,Tirupati Inks Limited,51.5,1.78,23.18,12.59,8.77,43,53.95,25.47,1.59,,-96.3
09-29-10,Indosolar Limited,357,1.44,1.3,1.81,1.55,29,29.75,2.59,377.9,378.2,"1,203.10"
09-09-10,Gujarat Pipavav Port Limited,553.85,13.2,85.7,9.15,19.94,46,56.25,22.28,157,157.4,241.3
08-25-10,Prakash Steelage Limited,68.75,1.27,10.91,6.62,4.53,110,118.55,7.77,5.74,5.76,-94.78
08-18-10,Bajaj Consumer Care Limited,297,20.19,53.49,6.62,19.29,660,730,10.61,228.15,226.61,-65.43
08-16-10,Bharat Financial Inclusion Limited,1628.78,20.38,18.26,2.81,13.69,985,"1,036.00",5.18,898.2,898,-8.81
08-12-10,Engineers India Limited,959.35,23.43,5.85,2.99,13.36,290,315,8.62,200.9,200.91,-30.72
08-04-10,Midfield Industries Limited,59.85,1.86,48.41,13.51,12.92,133,159.4,19.85,12.05,,-90.94
07-21-10,Hindustan Media Ventures Limited,270,8.98,3.39,1,5.43,166,170,2.41,86.02,86.5,-48.18
07-16-10,Technofab Engineers Limited,71.66,4.28,48.85,10.03,12.78,240,265,10.42,6.85,6.15,-97.15
07-28-10,Shri Aster Silicates Limited,53.1,0.01,12.46,7.41,4.47,118,127.7,8.22,1.28,1.4,-98.92
07-01-10,Parabolic Drugs Limited,200,1.48,1.2,0.4,1.04,75,76,1.33,5.7,5.5,-92.4
06-11-10,Standard Chartered (India) Limited,2486.35,4.15,1.9,0.25,2.2,104,105,0.96,36.2,36.35,-65.19
05-21-10,Jaypee Infratech Limited,2257.6,1.77,1.15,0.61,1.24,102,93,-8.82,1.27,1.25,-98.75
05-20-10,SJVN Limited,1062.51,9.03,3.39,3.12,6.64,26,28,7.69,97.85,97.66,276.35
05-19-10,GB Global Limited,107.9,7.97,10.52,2.81,6.32,130,132.7,2.08,9.8,9.3,-92.46
05-18-10,Tarapur Transformers Limited,63.75,0.03,5.08,2.74,1.74,75,75,0,24.74,24.9,-67.01
05-13-10,Satchmo Holdings Limited,405,2.54,0.22,0.16,1.16,54,50,-7.41,3.8,1.6,-92.96
05-10-10,Talwalkars Better Value Fitness Limited,77.44,35.43,51.48,8.43,28.39,128,138,7.81,1.45,1.45,-98.87
04-16-10,Goenka Diamond & Jewellery Limited,126.51,0.78,3,0.66,1.07,135,130,-3.7,0.82,0.82,-99.39
04-12-10,Intrasoft Technologies Limited,53.65,21.97,21.6,13.51,18.95,145,140,-3.45,96.25,96.3,-33.62
04-09-10,Shree Ganesh Jewellery House (I) Limited,371.02,1.38,6.13,1.39,1.96,260,258.85,-0.44,0.82,1.05,-99.68
04-06-10,Persistent Systems Limited,168.01,144.43,107.73,21.69,93.6,310,400,29.03,"5,215.35","5,221.00","1,582.37"
03-30-10,IL&FS Transportation Networks Limited,700,52.61,39.39,4.56,33.42,258,287,11.24,2.97,2.97,-98.85
04-05-10,Pradip Overseas Limited,116.6,8.57,45.35,10.53,14.08,110,120,9.09,1.14,1.15,-98.96
03-29-10,NMDC Limited,9967.3,2.28,0.22,0.22,1.25,300,295.7,-1.43,71.13,70.98,-76.29
03-29-10,DQ Entertainment (International) Limited,128.16,93.86,272.88,19.45,86.33,80,135,68.75,1.03,0.85,-98.71
03-18-10,United Bank of India,324.98,47.08,39.15,9.8,33.38,66,77,16.67,4.48,4.5,-93.21
03-08-10,REC Limited,3529.94,39.3,27.12,7.68,27.91,203,230,13.3,387.6,387.75,90.94
03-11-10,Man Infraconstruction Limited,141.75,96.06,104.57,10.26,62.53,252,335,32.94,164.9,164.88,-34.56
03-10-10,Texmo Pipes and Products Limited,45,1.02,30.5,7.26,7.48,90,101.5,12.78,56.91,57.41,-36.77
02-25-10,Hathway Cable & Datacom Limited,666,1.43,4.29,0.28,1.36,240,246,2.5,14.35,14.33,-94.02
03-03-10,ARSS Infrastructure Projects Limited,103,49.34,124.53,18.55,47.62,450,640,42.22,54.6,54.18,-87.87
02-19-10,NTPC Limited,8478.75,2.18,0.43,0.16,1.2,201,204,1.49,338.75,339.25,68.53
02-24-10,Emmbi Industries Limited,38.96,0.43,5.55,0.46,1.2,45,45.5,1.11,105.05,104.34,133.44
02-24-10,Valor Estates Limited,1500,4.47,4.25,0.37,2.95,468,430,-8.12,179.9,179.06,-61.56
02-19-10,Thangamayil Jewellery Limited,28.75,0.52,1.52,2.26,1.12,75,70,-6.67,"1,967.75","1,964.90","2,523.67"
02-15-10,Syncom Healthcare Limited,56.25,0.99,16.6,6.25,5.17,75,88,17.33,4.12,4.2,-94.51
02-15-10,Vascon Engineers Limited,178.2,1.12,3.65,0.62,1.22,165,170,3.03,49.15,49.22,-70.21
02-23-10,Aqua Logistics Limited,150,0.26,5.07,3,1.94,220,219.4,-0.27,1.36,1.4,-99.38
02-08-10,Jubilant Foodworks Limited,328.72,59.39,51.95,3.79,31.11,145,161.6,11.45,635.05,635.5,337.97
01-29-10,Birla Shloka Edutech Limited,34.78,0,5.45,1.76,1.43,50,49,-2,1.46,,-97.08
02-03-10,Infinite Computer Solutions Limited,189.8,48.44,106.02,11.08,43.22,165,178.35,8.09,473.75,473.75,187.12
01-06-10,D B Corp Limited,384.22,68.52,26.17,3.42,39.54,212,250,17.92,274.75,273,29.6
01-05-10,Godrej Properties Limited,468.85,7.45,0.41,0.38,4,490,510,4.08,"1,956.80","1,952.10",299.35
01-04-10,JSW Energy Limited,2700,2.88,0.15,0.4,1.68,100,102,2,536.3,536.4,436.3
01-11-10,MBL Infrastructure Limited,102.6,3.35,2.65,0.4,1.97,180,190,5.56,40.75,40.78,-77.36
